dmu,country,year,efficiencies,CO2,life_expectancy
Albania_1996,Albania,1996,0.84906,0.651,74.5
Albania_1997,Albania,1997,1,0.498,72.9
Albania_1998,Albania,1998,1,0.563,74.8
Albania_1999,Albania,1999,0.64435,0.956,75.1
Albania_2000,Albania,2000,0.69255,0.966,75.4
Albania_2001,Albania,2001,0.75243,1.03,76
Albania_2002,Albania,2002,0.63111,1.2,75.9
Albania_2003,Albania,2003,0.51039,1.38,75.6
Albania_2004,Albania,2004,0.55199,1.34,75.8
Albania_2005,Albania,2005,0.5872,1.38,76.2
Albania_2006,Albania,2006,0.73543,1.27,76.9
Albania_2007,Albania,2007,0.95067,1.29,77.5
Albania_2008,Albania,2008,0.87335,1.46,77.6
Albania_2009,Albania,2009,1,1.47,78
Albania_2010,Albania,2010,0.98031,1.56,78.1
Argentina_1990,Argentina,1990,0.14519,3.43,72.5
Argentina_1991,Argentina,1991,0.14068,3.54,72.7
Argentina_1992,Argentina,1992,0.13795,3.61,72.8
Argentina_1993,Argentina,1993,0.14492,3.46,73
Argentina_1994,Argentina,1994,0.1451,3.55,73.4
Argentina_1995,Argentina,1995,0.14036,3.67,73.4
Argentina_1996,Argentina,1996,0.13574,3.82,73.5
Armenia_1999,Armenia,1999,0.50405,0.988,71.9
Armenia_2000,Armenia,2000,0.43684,1.14,72.4
Armenia_2001,Armenia,2001,0.42931,1.16,72.5
Armenia_2002,Armenia,2002,0.49307,1.01,72.7
Armenia_2003,Armenia,2003,0.43304,1.15,72.8
Armenia_2004,Armenia,2004,0.40766,1.23,73
Armenia_2005,Armenia,2005,0.3411,1.47,73
Armenia_2006,Armenia,2006,0.33882,1.49,73.1
Armenia_2007,Armenia,2007,0.298,1.74,73.5
Armenia_2008,Armenia,2008,0.27007,1.92,73.5
Armenia_2009,Armenia,2009,0.34566,1.51,73.6
Armenia_2010,Armenia,2010,0.3596,1.48,73.9
Armenia_2011,Armenia,2011,0.31357,1.73,74.2
Armenia_2012,Armenia,2012,0.27948,1.99,74.6
Armenia_2013,Armenia,2013,0.32251,1.91,75.1
Armenia_2014,Armenia,2014,0.33176,1.91,75.2
Armenia_2015,Armenia,2015,0.37333,1.65,75.1
Armenia_2016,Armenia,2016,0.37008,1.76,75.3
Australia_1990,Australia,1990,0.05992,16.4,77
Australia_1991,Australia,1991,0.07225,16.3,77.4
Australia_1992,Australia,1992,0.07775,16.4,77.6
Australia_1993,Australia,1993,0.08666,16.4,77.9
Australia_1994,Australia,1994,0.08909,16.5,78
Australia_1995,Australia,1995,0.09693,17,78.3
Australia_1996,Australia,1996,0.1027,17.2,78.5
Australia_1997,Australia,1997,0.1111,17.5,78.8
Australia_1998,Australia,1998,0.1179,18,79.1
Australia_1999,Australia,1999,0.12568,18.3,79.4
Australia_2000,Australia,2000,0.13394,18.5,79.7
Australia_2001,Australia,2001,0.14597,18.6,80.1
Australia_2002,Australia,2002,0.15153,18.7,80.3
Australia_2003,Australia,2003,0.15933,18.9,80.6
Australia_2004,Australia,2004,0.16525,19.3,80.9
Australia_2005,Australia,2005,0.17537,19.2,81.2
Australia_2006,Australia,2006,0.1856,19.1,81.5
Australia_2007,Australia,2007,0.18464,19.2,81.5
Australia_2008,Australia,2008,0.19282,19,81.7
Australia_2009,Australia,2009,0.20118,18.8,81.9
Australia_2010,Australia,2010,0.212,18.4,82.1
Australia_2011,Australia,2011,0.22692,18,82.3
Australia_2012,Australia,2012,0.25046,17.8,82.6
Australia_2013,Australia,2013,0.268,17.1,82.7
Australia_2014,Australia,2014,0.27441,16.7,82.7
Australia_2015,Australia,2015,0.27278,16.8,82.7
Austria_1990,Austria,1990,0.09592,8.08,76
Austria_1991,Austria,1991,0.09336,8.49,76.1
Austria_1992,Austria,1992,0.10725,7.72,76.3
Austria_1993,Austria,1993,0.11198,7.71,76.5
Austria_1994,Austria,1994,0.11656,7.71,76.7
Austria_1995,Austria,1995,0.12208,8.05,77
Austria_1996,Austria,1996,0.1336,8.45,77.3
Austria_1997,Austria,1997,0.15741,8.41,77.7
Austria_1998,Austria,1998,0.17021,8.35,77.9
Austria_1999,Austria,1999,0.19444,8.17,78.2
Austria_2000,Austria,2000,0.21489,8.22,78.5
Austria_2001,Austria,2001,0.23056,8.69,78.9
Austria_2002,Austria,2002,0.23257,8.87,79
Austria_2003,Austria,2003,0.22291,9.52,79.1
Austria_2004,Austria,2004,0.24861,9.49,79.5
Austria_2005,Austria,2005,0.26346,9.63,79.8
Austria_2006,Austria,2006,0.29162,9.31,80.1
Austria_2007,Austria,2007,0.31625,8.96,80.3
Austria_2008,Austria,2008,0.33358,8.85,80.5
Austria_2009,Austria,2009,0.36446,8.1,80.5
Austria_2010,Austria,2010,0.36395,8.6,80.8
Austria_2011,Austria,2011,0.39139,8.3,81
Austria_2012,Austria,2012,0.42354,7.95,81.2
Austria_2013,Austria,2013,0.42992,7.97,81.3
Austria_2014,Austria,2014,0.4733,7.49,81.5
Austria_2015,Austria,2015,0.46809,7.7,81.6
Austria_2016,Austria,2016,0.48349,7.7,81.8
Azerbaijan_1995,Azerbaijan,1995,0.11608,4.29,64.7
Azerbaijan_1996,Azerbaijan,1996,0.12513,3.98,65.3
Azerbaijan_1997,Azerbaijan,1997,0.13245,3.76,65.7
Azerbaijan_1998,Azerbaijan,1998,0.12544,3.97,66
Azerbaijan_1999,Azerbaijan,1999,0.14028,3.55,66.2
Azerbaijan_2000,Azerbaijan,2000,0.13681,3.64,66.5
Azerbaijan_2001,Azerbaijan,2001,0.14148,3.52,67.1
Azerbaijan_2002,Azerbaijan,2002,0.13911,3.58,67.2
Azerbaijan_2003,Azerbaijan,2003,0.13569,3.67,67.1
Azerbaijan_2004,Azerbaijan,2004,0.13105,3.8,67.2
Azerbaijan_2005,Azerbaijan,2005,0.12388,4.02,67.3
Belarus_1998,Belarus,1998,0.08356,5.96,68.4
Belarus_1999,Belarus,1999,0.08661,5.75,68.2
Belarus_2000,Belarus,2000,0.08861,5.62,69
Belarus_2001,Belarus,2001,0.08783,5.67,68.6
Belgium_1990,Belgium,1990,0.06697,12.1,76.2
Belgium_1991,Belgium,1991,0.06875,12.3,76.4
Belgium_1992,Belgium,1992,0.07077,12.2,76.5
Belgium_1993,Belgium,1993,0.07342,12,76.6
Belgium_1994,Belgium,1994,0.0745,12.3,76.8
Belgium_1995,Belgium,1995,0.07925,12.4,77
Belgium_1996,Belgium,1996,0.08889,12.7,77.3
Belgium_1997,Belgium,1997,0.10135,12.1,77.5
Belgium_1998,Belgium,1998,0.10424,12.7,77.7
Belgium_1999,Belgium,1999,0.1125,12.2,77.8
Belgium_2000,Belgium,2000,0.11951,12.3,78
Belgium_2001,Belgium,2001,0.13507,12.2,78.3
Belgium_2002,Belgium,2002,0.14479,12.2,78.5
Belgium_2003,Belgium,2003,0.15325,12.3,78.7
Belgium_2004,Belgium,2004,0.17253,12.3,79.1
Belgium_2005,Belgium,2005,0.1883,11.9,79.3
Belgium_2006,Belgium,2006,0.20672,11.7,79.6
Belgium_2007,Belgium,2007,0.22453,11.3,79.8
Belgium_2008,Belgium,2008,0.23182,11.2,79.9
Belgium_2009,Belgium,2009,0.26744,9.93,80
Belgium_2010,Belgium,2010,0.26676,10.4,80.2
Belgium_2011,Belgium,2011,0.30515,9.48,80.4
Belgium_2012,Belgium,2012,0.32193,9.17,80.5
Belgium_2013,Belgium,2013,0.33707,9.11,80.7
Belgium_2014,Belgium,2014,0.37995,8.55,81
Belgium_2015,Belgium,2015,0.37419,8.84,81.1
Bulgaria_2006,Bulgaria,2006,0.07324,6.8,71.2
Bulgaria_2007,Bulgaria,2007,0.06776,7.35,71.5
Bulgaria_2008,Bulgaria,2008,0.06936,7.18,71.9
Bulgaria_2009,Bulgaria,2009,0.08137,6.12,72.1
Bulgaria_2010,Bulgaria,2010,0.07733,6.44,72.3
Bulgaria_2011,Bulgaria,2011,0.06917,7.2,72.7
Bulgaria_2012,Bulgaria,2012,0.07609,6.59,73
Bulgaria_2013,Bulgaria,2013,0.08762,5.84,73.3
Bulgaria_2014,Bulgaria,2014,0.08048,6.23,73
Canada_1990,Canada,1990,0.0701,16.8,77.4
Canada_1991,Canada,1991,0.07871,16.2,77.6
Canada_1992,Canada,1992,0.08318,16.5,77.8
Canada_1993,Canada,1993,0.08369,16.4,77.8
Canada_1994,Canada,1994,0.08802,16.7,78
Canada_1995,Canada,1995,0.08996,17,78.1
Canada_1996,Canada,1996,0.09868,17.3,78.4
Canada_1997,Canada,1997,0.10373,17.6,78.6
Canada_1998,Canada,1998,0.10923,17.8,78.8
Canada_1999,Canada,1999,0.11725,18.1,79.1
Canada_2000,Canada,2000,0.12299,18.7,79.4
Canada_2001,Canada,2001,0.13216,18.3,79.6
Canada_2002,Canada,2002,0.13864,18.3,79.8
Canada_2003,Canada,2003,0.14202,18.7,80
Canada_2004,Canada,2004,0.15078,18.4,80.2
Canada_2005,Canada,2005,0.16161,17.9,80.4
Chile_1990,Chile,1990,0.2077,2.48,73.4
Chile_1991,Chile,1991,0.23484,2.31,74.2
Chile_1992,Chile,1992,0.23812,2.35,74.7
Chile_1993,Chile,1993,0.24322,2.46,75
Chile_1994,Chile,1994,0.23733,2.67,75.2
Colombia_1992,Colombia,1992,0.27821,1.79,71.1
Colombia_1993,Colombia,1993,0.27514,1.81,71.7
Colombia_1994,Colombia,1994,0.26631,1.87,72.1
Costa Rica_1990,Costa Rica,1990,1,0.934,76.9
Costa Rica_1991,Costa Rica,1991,0.9068,1.03,76.9
Costa Rica_1992,Costa Rica,1992,0.8193,1.14,76.9
Costa Rica_1993,Costa Rica,1993,0.89692,1.15,77.1
Costa Rica_1994,Costa Rica,1994,0.61089,1.5,76.8
Costa Rica_1995,Costa Rica,1995,0.6348,1.36,76.5
Croatia_2009,Croatia,2009,0.1713,5.04,76.5
Croatia_2010,Croatia,2010,0.18816,4.87,76.8
Croatia_2011,Croatia,2011,0.21489,4.8,77.1
Croatia_2012,Croatia,2012,0.26464,4.45,77.4
Croatia_2013,Croatia,2013,0.31772,4.32,77.8
Croatia_2014,Croatia,2014,0.34165,4.16,77.9
Croatia_2015,Croatia,2015,0.3137,4.22,77.7
Croatia_2016,Croatia,2016,0.39701,4.3,78.4
Cyprus_2004,Cyprus,2004,0.18363,7.74,77.9
Cyprus_2005,Cyprus,2005,0.18245,7.79,77.9
Cyprus_2006,Cyprus,2006,0.20262,7.84,78.2
Cyprus_2007,Cyprus,2007,0.20572,8.01,78.3
Cyprus_2008,Cyprus,2008,0.24213,8.03,78.8
Cyprus_2009,Cyprus,2009,0.27632,7.68,79.1
Cyprus_2010,Cyprus,2010,0.32542,7.25,79.5
Cyprus_2011,Cyprus,2011,0.36824,6.89,79.8
Cyprus_2012,Cyprus,2012,0.42689,6.36,80.1
Cyprus_2013,Cyprus,2013,0.49538,5.72,80.3
Cyprus_2014,Cyprus,2014,0.48134,6.01,80.4
Cyprus_2015,Cyprus,2015,0.49285,5.99,80.5
Cyprus_2016,Cyprus,2016,0.48819,6.29,80.7
Czechia_1993,Czechia,1993,0.03742,13.4,73
Czechia_1994,Czechia,1994,0.03971,12.8,73.2
Czechia_1995,Czechia,1995,0.04056,12.7,73.4
Czechia_1996,Czechia,1996,0.0412,13,74
Czechia_1997,Czechia,1997,0.04245,12.7,74.1
Czechia_1998,Czechia,1998,0.04625,12.1,74.7
Czechia_1999,Czechia,1999,0.05295,11.3,75
Czechia_2000,Czechia,2000,0.0511,12.4,75.2
Czechia_2001,Czechia,2001,0.05538,12.4,75.5
Czechia_2002,Czechia,2002,0.05967,12.1,75.7
Czechia_2003,Czechia,2003,0.05635,12.5,75.6
Czechia_2004,Czechia,2004,0.06341,12.5,76.1
Czechia_2005,Czechia,2005,0.06875,12.3,76.4
Czechia_2006,Czechia,2006,0.0799,12.3,77
Czechia_2007,Czechia,2007,0.08711,12.4,77.2
Czechia_2008,Czechia,2008,0.09567,11.8,77.3
Czechia_2009,Czechia,2009,0.11592,11,77.6
Czechia_2010,Czechia,2010,0.12255,11.2,77.8
Czechia_2011,Czechia,2011,0.13486,10.9,78
Czechia_2012,Czechia,2012,0.15694,10.5,78.3
Czechia_2013,Czechia,2013,0.17489,10.1,78.5
Czechia_2014,Czechia,2014,0.20985,9.83,79
Czechia_2015,Czechia,2015,0.20858,9.89,79
Czechia_2016,Czechia,2016,0.21814,10,79.2
Denmark_1990,Denmark,1990,0.06093,10.4,75.2
Denmark_1991,Denmark,1991,0.05352,12.5,75.4
Denmark_1992,Denmark,1992,0.06077,11.3,75.5
Denmark_1993,Denmark,1993,0.05869,11.7,75.5
Denmark_1994,Denmark,1994,0.05538,12.4,75.5
Denmark_1995,Denmark,1995,0.05969,11.8,75.6
Denmark_1996,Denmark,1996,0.05296,14.3,75.9
Denmark_1997,Denmark,1997,0.06677,12.4,76.3
Denmark_1998,Denmark,1998,0.07747,11.6,76.7
Denmark_1999,Denmark,1999,0.0817,11,76.7
Denmark_2000,Denmark,2000,0.1059,10.2,77.2
Denmark_2001,Denmark,2001,0.10855,10.4,77.3
Denmark_2002,Denmark,2002,0.11433,10.3,77.4
Denmark_2003,Denmark,2003,0.11715,11.3,77.7
Denmark_2004,Denmark,2004,0.14412,10.2,78
Denmark_2005,Denmark,2005,0.17328,9.51,78.3
Denmark_2006,Denmark,2006,0.16206,10.9,78.5
Denmark_2007,Denmark,2007,0.1885,10,78.7
Denmark_2008,Denmark,2008,0.2211,9.33,79
Denmark_2009,Denmark,2009,0.24677,8.84,79.2
Denmark_2010,Denmark,2010,0.26629,8.86,79.5
Denmark_2011,Denmark,2011,0.32742,7.93,79.9
Denmark_2012,Denmark,2012,0.39853,7.11,80.3
Denmark_2013,Denmark,2013,0.3984,7.41,80.5
Denmark_2014,Denmark,2014,0.4721,6.63,80.8
Denmark_2015,Denmark,2015,0.52481,6.19,81
El Salvador_1991,El Salvador,1991,0.84264,0.591,70.1
El Salvador_1992,El Salvador,1992,0.8124,0.613,70.8
El Salvador_1993,El Salvador,1993,0.6869,0.725,70.9
Estonia_2003,Estonia,2003,0.03984,12.5,72.1
Estonia_2004,Estonia,2004,0.03921,12.7,72.5
Estonia_2005,Estonia,2005,0.0398,12.6,73
Estonia_2006,Estonia,2006,0.04194,12.2,73.3
Estonia_2007,Estonia,2007,0.03434,14.9,73.3
Estonia_2008,Estonia,2008,0.0413,13.3,74.4
Estonia_2009,Estonia,2009,0.05813,10.9,75.2
Estonia_2010,Estonia,2010,0.0579,14.3,76.3
Estonia_2011,Estonia,2011,0.0575,14.4,76.3
Estonia_2012,Estonia,2012,0.06348,13.6,76.5
Estonia_2013,Estonia,2013,0.0725,14.9,77.2
Estonia_2014,Estonia,2014,0.0784,14.4,77.3
Estonia_2015,Estonia,2015,0.11343,12.1,77.8
Finland_1990,Finland,1990,0.05868,11.4,75.4
Finland_1991,Finland,1991,0.06564,11,75.7
Finland_1992,Finland,1992,0.07176,10.8,76
Finland_1993,Finland,1993,0.07459,11.1,76.3
Finland_1994,Finland,1994,0.07573,12.1,76.8
Finland_1995,Finland,1995,0.08193,11.4,76.9
Finland_1996,Finland,1996,0.08641,12.5,77.2
Finland_1997,Finland,1997,0.09253,12.2,77.3
Finland_1998,Finland,1998,0.11088,11.5,77.6
Finland_1999,Finland,1999,0.1204,11.4,77.8
Finland_2000,Finland,2000,0.13364,11,78
Finland_2001,Finland,2001,0.14226,12,78.4
Finland_2002,Finland,2002,0.14606,12.5,78.6
Finland_2003,Finland,2003,0.13988,13.9,78.8
Finland_2004,Finland,2004,0.15628,13.2,79
Finland_2005,Finland,2005,0.20557,10.9,79.3
Finland_2006,Finland,2006,0.18604,13,79.6
Finland_2007,Finland,2007,0.19666,12.6,79.7
Finland_2008,Finland,2008,0.24143,11,80
Finland_2009,Finland,2009,0.26422,10.5,80.2
Finland_2010,Finland,2010,0.24107,12,80.4
Finland_2011,Finland,2011,0.29245,10.5,80.7
Finland_2012,Finland,2012,0.33678,9.47,80.9
Finland_2013,Finland,2013,0.35369,9.52,81.2
Finland_2014,Finland,2014,0.39928,8.73,81.4
France_1990,France,1990,0.15257,7.08,77.2
France_1991,France,1991,0.15702,7.5,77.4
France_1992,France,1992,0.17515,7.28,77.6
France_1993,France,1993,0.19892,6.9,77.8
France_1994,France,1994,0.21649,6.79,78
France_1995,France,1995,0.2309,6.88,78.2
France_1996,France,1996,0.23943,7.13,78.4
France_1997,France,1997,0.27006,6.98,78.7
France_1998,France,1998,0.26671,7.29,78.8
France_1999,France,1999,0.27866,7.19,78.9
France_2000,France,2000,0.30898,7.06,79.2
France_2001,France,2001,0.31604,7.09,79.3
France_2002,France,2002,0.33898,6.96,79.5
France_2003,France,2003,0.35297,7.02,79.7
France_2004,France,2004,0.40538,6.99,80.3
France_2005,France,2005,0.43082,6.99,80.6
France_2006,France,2006,0.46233,6.77,80.8
France_2007,France,2007,0.50425,6.56,81.1
France_2008,France,2008,0.52448,6.42,81.2
France_2009,France,2009,0.56956,6.12,81.4
France_2010,France,2010,0.58134,6.2,81.6
France_2011,France,2011,0.64409,5.78,81.8
France_2012,France,2012,0.66691,5.76,82
France_2013,France,2013,0.71036,5.75,82.3
France_2014,France,2014,0.85242,5.23,82.6
Germany_1991,Germany,1991,0.05779,12.8,75.8
Germany_1992,Germany,1992,0.06697,12.1,76.2
Germany_1993,Germany,1993,0.06958,11.9,76.3
Germany_1994,Germany,1994,0.07595,11.6,76.6
Germany_1995,Germany,1995,0.08052,11.6,76.9
Germany_1996,Germany,1996,0.08741,11.8,77.1
Germany_1997,Germany,1997,0.10664,11.5,77.5
Germany_1998,Germany,1998,0.1204,11.4,77.8
Germany_1999,Germany,1999,0.13903,11,78.1
Germany_2000,Germany,2000,0.1538,11.1,78.4
Germany_2001,Germany,2001,0.16681000000000001,11.3,78.7
Germany_2002,Germany,2002,0.17516,11.1,78.8
Germany_2003,Germany,2003,0.1805,11.1,78.9
Germany_2004,Germany,2004,0.20557,10.9,79.3
Germany_2005,Germany,2005,0.22817,10.6,79.6
Germany_2006,Germany,2006,0.24041,10.8,79.9
Germany_2007,Germany,2007,0.25293,10.5,80
Germany_2008,Germany,2008,0.26422,10.5,80.2
Germany_2009,Germany,2009,0.29032,9.76,80.3
Germany_2010,Germany,2010,0.28662,10.3,80.5
Germany_2011,Germany,2011,0.30707,10,80.7
Germany_2012,Germany,2012,0.3099,10.1,80.8
Germany_2013,Germany,2013,0.30388,10.3,80.8
Germany_2014,Germany,2014,0.33353,9.74,81
Germany_2015,Germany,2015,0.32744,9.74,80.9
Greece_1995,Greece,1995,0.16945,8.1,77.8
Greece_1996,Greece,1996,0.17269,8.23,77.9
Greece_1997,Greece,1997,0.17762,8.61,78.1
Greece_1998,Greece,1998,0.17651,9,78.2
Greece_1999,Greece,1999,0.17869,8.89,78.2
Greece_2000,Greece,2000,0.18356,9.3,78.4
Greece_2001,Greece,2001,0.19905,9.47,78.7
Greece_2002,Greece,2002,0.21315,9.4,78.9
Greece_2003,Greece,2003,0.2181,9.73,79.1
Greece_2004,Greece,2004,0.22351,9.76,79.2
Greece_2005,Greece,2005,0.22549,10.2,79.4
Greece_2006,Greece,2006,0.24533,10.1,79.7
Greece_2007,Greece,2007,0.23481,10.3,79.6
Greece_2008,Greece,2008,0.26294,10.1,80
Greece_2009,Greece,2009,0.29111,9.53,80.2
Greece_2010,Greece,2010,0.32322,8.95,80.4
Greece_2011,Greece,2011,0.33777,8.74,80.5
Greece_2012,Greece,2012,0.3547,8.49,80.6
Greece_2013,Greece,2013,0.41854,7.62,80.9
Greece_2014,Greece,2014,0.44138,7.36,81
Greece_2015,Greece,2015,0.45302,7.04,80.9
Hungary_2004,Hungary,2004,0.08442,5.98,73.1
Hungary_2005,Hungary,2005,0.08414,6,73.1
Hungary_2006,Hungary,2006,0.087,5.96,73.5
Hungary_2007,Hungary,2007,0.08922,5.85,73.6
Hungary_2008,Hungary,2008,0.09434,5.75,74.2
Hungary_2009,Hungary,2009,0.10543,5.21,74.4
Hungary_2010,Hungary,2010,0.10703,5.26,74.8
Hungary_2011,Hungary,2011,0.12102,5.09,75.1
Hungary_2012,Hungary,2012,0.14084,4.75,75.4
Hungary_2013,Hungary,2013,0.16981,4.46,75.9
Hungary_2014,Hungary,2014,0.17299,4.48,76
Hungary_2015,Hungary,2015,0.15844,4.78,75.9
Hungary_2016,Hungary,2016,0.17002,4.87,76.3
Iceland_2003,Iceland,2003,0.32376,10.4,81.2
Iceland_2004,Iceland,2004,0.32577,10.7,81.4
Iceland_2005,Iceland,2005,0.35686,10.1,81.6
Iceland_2006,Iceland,2006,0.34891,10.5,81.7
Iceland_2007,Iceland,2007,0.32888,11.5,81.9
Iceland_2008,Iceland,2008,0.32459,12.2,82.2
Iceland_2009,Iceland,2009,0.3567,11.8,82.4
Iceland_2010,Iceland,2010,0.39453,11.3,82.6
Iceland_2011,Iceland,2011,0.43586,10.8,82.8
Iceland_2012,Iceland,2012,0.45157,10.7,82.9
Iceland_2013,Iceland,2013,0.48649,10.7,83.2
Iceland_2014,Iceland,2014,0.82317,10.5,83.7
Iceland_2015,Iceland,2015,0.80779,10.7,83.7
Iceland_2016,Iceland,2016,0.90206,10.5,83.8
Ireland_1990,Ireland,1990,0.06379,9.38,75
Ireland_1991,Ireland,1991,0.06621,9.57,75.2
Ireland_1992,Ireland,1992,0.07057,9.48,75.4
Ireland_1993,Ireland,1993,0.07228,9.5,75.5
Ireland_1994,Ireland,1994,0.07579,9.76,75.8
Ireland_1995,Ireland,1995,0.07234,9.98,75.7
Ireland_1996,Ireland,1996,0.07524,10.3,76
Ireland_1997,Ireland,1997,0.07478,10.6,76.1
Ireland_1998,Ireland,1998,0.07527,11,76.3
Ireland_1999,Ireland,1999,0.07418,11.4,76.4
Ireland_2000,Ireland,2000,0.07636,12,76.8
Ireland_2001,Ireland,2001,0.09104,12.4,77.3
Ireland_2002,Ireland,2002,0.11632,11.8,77.8
Ireland_2003,Ireland,2003,0.14329,11.5,78.3
Ireland_2004,Ireland,2004,0.16535,11.4,78.7
Ireland_2005,Ireland,2005,0.18294,11.6,79.1
Ireland_2006,Ireland,2006,0.20354,11.3,79.4
Ireland_2007,Ireland,2007,0.22526,11,79.7
Ireland_2008,Ireland,2008,0.2482,10.7,80
Ireland_2009,Ireland,2009,0.29577,9.38,80.2
Ireland_2010,Ireland,2010,0.3417,9.16,80.8
Ireland_2011,Ireland,2011,0.37802,8.28,80.8
Ireland_2012,Ireland,2012,0.39187,8.29,81
Ireland_2013,Ireland,2013,0.41776,8.06,81.2
Israel_1995,Israel,1995,0.14494,9.47,77.8
Israel_1996,Israel,1996,0.15344,9.58,78
Israel_1997,Israel,1997,0.16111,9.86,78.2
Israel_1998,Israel,1998,0.17349,9.84,78.4
Israel_1999,Israel,1999,0.20032,9.41,78.7
Israel_2000,Israel,2000,0.20036,10,78.9
Israel_2001,Israel,2001,0.19835,10.4,79
Israel_2002,Israel,2002,0.20827,9.62,78.9
Israel_2003,Israel,2003,0.23711,9.95,79.5
Israel_2004,Israel,2004,0.28284,9.18,79.9
Israel_2005,Israel,2005,0.3272,8.66,80.3
Israel_2006,Israel,2006,0.31073,9.31,80.4
Israel_2007,Israel,2007,0.34096,9.18,80.8
Israel_2008,Israel,2008,0.33525,9.69,81
Israel_2009,Israel,2009,0.39209,8.89,81.4
Israel_2010,Israel,2010,0.40668,9.3,81.9
Israel_2011,Israel,2011,0.41891,9.17,82
Israel_2012,Israel,2012,0.41552,9.83,82.3
Israel_2013,Israel,2013,0.5153,8.41,82.5
Israel_2014,Israel,2014,0.48749,7.88,82
Israel_2015,Israel,2015,0.5623,8.15,82.7
Italy_1990,Italy,1990,0.1401,7.71,77.2
Italy_1991,Italy,1991,0.14661,7.7,77.3
Italy_1992,Italy,1992,0.1601,7.66,77.5
Italy_1993,Italy,1993,0.18228,7.53,77.8
Italy_1994,Italy,1994,0.19785,7.43,78
Italy_1995,Italy,1995,0.20108,7.9,78.2
Italy_1996,Italy,1996,0.22676,7.79,78.5
Italy_1997,Italy,1997,0.24642,7.89,78.8
Italy_1998,Italy,1998,0.25436,8.11,79
Italy_1999,Italy,1999,0.27326,8.2,79.3
Italy_2000,Italy,2000,0.29139,8.3,79.6
Italy_2001,Italy,2001,0.30984,8.38,79.9
Italy_2002,Italy,2002,0.33185,8.36,80.2
Italy_2003,Italy,2003,0.33219,8.53,80.3
Italy_2004,Italy,2004,0.36651,8.54,80.8
Italy_2005,Italy,2005,0.38264,8.49,81
Italy_2006,Italy,2006,0.40986,8.36,81.3
Italy_2007,Italy,2007,0.43444,8.16,81.5
Italy_2008,Italy,2008,0.45394,7.94,81.6
Italy_2009,Italy,2009,0.52732,7.06,81.8
Italy_2010,Italy,2010,0.54252,7.19,82.1
Italy_2011,Italy,2011,0.56978,6.95,82.2
Italy_2012,Italy,2012,0.64163,6.56,82.4
Italy_2013,Italy,2013,0.73567,6.06,82.6
Italy_2014,Italy,2014,0.81582,5.77,82.8
Italy_2015,Italy,2015,0.77938,5.88,82.7
Japan_2008,Japan,2008,0.52981,9.59,83.1
Japan_2009,Japan,2009,0.58895,9.05,83.3
Japan_2010,Japan,2010,0.56342,9.46,83.3
Japan_2011,Japan,2011,0.52847,9.85,83.2
Japan_2012,Japan,2012,0.76618,10.2,83.6
Japan_2013,Japan,2013,1,10.3,83.9
Jordan_2008,Jordan,2008,0.25643,3.16,76.2
Jordan_2009,Jordan,2009,0.28989,3.1,76.7
Jordan_2010,Jordan,2010,0.32887,2.84,76.9
Kazakhstan_2000,Kazakhstan,2000,0.05564,8.95,64.7
Kazakhstan_2001,Kazakhstan,2001,0.05811,8.57,64.7
Kazakhstan_2002,Kazakhstan,2002,0.05102,9.76,64.7
Kazakhstan_2003,Kazakhstan,2003,0.04611,10.8,64.6
Kazakhstan_2004,Kazakhstan,2004,0.04446,11.2,64.6
Kazakhstan_2005,Kazakhstan,2005,0.04185,11.9,64.6
Kazakhstan_2006,Kazakhstan,2006,0.03744,13.3,64.8
Kazakhstan_2007,Kazakhstan,2007,0.03662,13.6,65.3
Kazakhstan_2008,Kazakhstan,2008,0.03716,13.4,66.3
Kazakhstan_2009,Kazakhstan,2009,0.03831,13,67.3
Kazakhstan_2010,Kazakhstan,2010,0.03434,14.5,67.6
Kazakhstan_2011,Kazakhstan,2011,0.03609,13.8,68.1
Kazakhstan_2012,Kazakhstan,2012,0.03557,14,68.6
Kazakhstan_2013,Kazakhstan,2013,0.03532,14.1,69.4
Kazakhstan_2014,Kazakhstan,2014,0.03365,14.8,70.1
Kazakhstan_2015,Kazakhstan,2015,0.0332,15,70.6
Kyrgyzstan_2000,Kyrgyzstan,2000,0.53205,0.936,67.2
Kyrgyzstan_2001,Kyrgyzstan,2001,0.63928,0.779,67.3
Kyrgyzstan_2002,Kyrgyzstan,2002,0.50507,0.986,67.2
Kyrgyzstan_2003,Kyrgyzstan,2003,0.46542,1.07,67.1
Kyrgyzstan_2004,Kyrgyzstan,2004,0.43304,1.15,67.4
Kyrgyzstan_2005,Kyrgyzstan,2005,0.45688,1.09,67.4
Kyrgyzstan_2006,Kyrgyzstan,2006,0.46981,1.06,67.2
Kyrgyzstan_2007,Kyrgyzstan,2007,0.39524,1.26,67.6
Kyrgyzstan_2008,Kyrgyzstan,2008,0.34583,1.44,68.3
Kyrgyzstan_2009,Kyrgyzstan,2009,0.39524,1.26,69.3
Kyrgyzstan_2010,Kyrgyzstan,2010,0.42564,1.17,69.6
Kyrgyzstan_2011,Kyrgyzstan,2011,0.3635,1.37,70.3
Kyrgyzstan_2012,Kyrgyzstan,2012,0.27978,1.78,70.7
Kyrgyzstan_2013,Kyrgyzstan,2013,0.29467,1.69,71.2
Kyrgyzstan_2014,Kyrgyzstan,2014,0.28786,1.73,71.6
Kyrgyzstan_2015,Kyrgyzstan,2015,0.28786,1.73,71.9
Latvia_2004,Latvia,2004,0.14647,3.4,71.3
Latvia_2005,Latvia,2005,0.14352,3.47,70.9
Latvia_2006,Latvia,2006,0.13316,3.74,70.5
Latvia_2007,Latvia,2007,0.12672,3.93,70.9
Latvia_2008,Latvia,2008,0.13175,3.78,72.1
Latvia_2009,Latvia,2009,0.1431,3.48,72.9
Latvia_2010,Latvia,2010,0.12665,4.04,73.3
Latvia_2011,Latvia,2011,0.14268,3.73,73.9
Latvia_2012,Latvia,2012,0.14903,3.64,74.2
Latvia_2013,Latvia,2013,0.15027,3.61,74.2
Latvia_2014,Latvia,2014,0.15719,3.56,74.7
Latvia_2015,Latvia,2015,0.16877,3.65,75.1
Lithuania_2004,Lithuania,2004,0.12769,3.9,72
Lithuania_2005,Lithuania,2005,0.11801,4.22,71.3
Lithuania_2006,Lithuania,2006,0.11422,4.36,70.9
Lithuania_2007,Lithuania,2007,0.10289,4.84,70.6
Lithuania_2008,Lithuania,2008,0.10596,4.7,71.4
Lithuania_2009,Lithuania,2009,0.12381,4.05,73
Lithuania_2010,Lithuania,2010,0.11578,4.39,73.2
Lithuania_2011,Lithuania,2011,0.11496,4.57,73.7
Lithuania_2012,Lithuania,2012,0.11519,4.65,74
Lithuania_2013,Lithuania,2013,0.12285,4.36,74
Lithuania_2014,Lithuania,2014,0.12815,4.34,74.6
Lithuania_2015,Lithuania,2015,0.12491,4.48,74.7
Lithuania_2016,Lithuania,2016,0.1279,4.54,74.9
Luxembourg_2002,Luxembourg,2002,0.08341,22.6,78.7
Luxembourg_2003,Luxembourg,2003,0.08816,23.4,79
Luxembourg_2004,Luxembourg,2004,0.08326,26.2,79.2
Luxembourg_2005,Luxembourg,2005,0.08903,26.5,79.5
Luxembourg_2006,Luxembourg,2006,0.09872,25.7,79.8
Luxembourg_2007,Luxembourg,2007,0.11608,23.9,80.2
Luxembourg_2008,Luxembourg,2008,0.13036,23.1,80.6
Luxembourg_2009,Luxembourg,2009,0.14558,21.5,80.8
Luxembourg_2010,Luxembourg,2010,0.14699,22.1,81
Luxembourg_2011,Luxembourg,2011,0.16011,21.4,81.3
Luxembourg_2012,Luxembourg,2012,0.17293,20.5,81.5
Luxembourg_2013,Luxembourg,2013,0.19282,19,81.7
Luxembourg_2014,Luxembourg,2014,0.21703,17.7,82
Luxembourg_2015,Luxembourg,2015,0.24755,16.5,82.3
Malaysia_2007,Malaysia,2007,0.08069,6.85,74.5
Malaysia_2008,Malaysia,2008,0.07337,7.44,74.3
Malaysia_2009,Malaysia,2009,0.0763,7.11,74.2
Malaysia_2010,Malaysia,2010,0.07153,7.68,74.4
Malaysia_2011,Malaysia,2011,0.07318,7.6,74.6
Malaysia_2012,Malaysia,2012,0.07577,7.43,74.8
Malaysia_2013,Malaysia,2013,0.08183,7.96,75.3
Malaysia_2014,Malaysia,2014,0.07624,8.08,75.1
Malta_2006,Malta,2006,0.44205,6.41,80.3
Malta_2007,Malta,2007,0.43964,6.58,80.4
Malta_2008,Malta,2008,0.4468,6.74,80.6
Malta_2009,Malta,2009,0.50894,6.15,80.8
Malta_2010,Malta,2010,0.5405,6.12,81.1
Malta_2011,Malta,2011,0.53788,6.26,81.2
Malta_2012,Malta,2012,0.52974,6.58,81.4
Malta_2013,Malta,2013,0.62902,5.73,81.6
Malta_2014,Malta,2014,0.66008,5.64,81.8
Malta_2015,Malta,2015,1,3.96,82.2
Mexico_1990,Mexico,1990,0.13175,3.78,70.8
Mexico_1991,Mexico,1991,0.12902,3.86,71.3
Mexico_1992,Mexico,1992,0.13037,3.82,71.5
Mexico_1993,Mexico,1993,0.13037,3.82,71.8
Mexico_1994,Mexico,1994,0.12769,3.9,72.2
Mexico_1995,Mexico,1995,0.13757,3.62,72.3
Moldova_1997,Moldova,1997,0.29294,1.7,68.1
Moldova_1998,Moldova,1998,0.32763,1.52,68.8
Moldova_1999,Moldova,1999,0.44865,1.11,68.8
Moldova_2000,Moldova,2000,0.58519,0.851,68.9
Moldova_2001,Moldova,2001,0.55028,0.905,69.2
Moldova_2002,Moldova,2002,0.51287,0.971,69.1
Moldova_2003,Moldova,2003,0.46981,1.06,69.1
Moldova_2004,Moldova,2004,0.44865,1.11,69.4
Moldova_2005,Moldova,2005,0.41849,1.19,68.9
Moldova_2006,Moldova,2006,0.41157,1.21,69.4
Moldova_2007,Moldova,2007,0.41157,1.21,69.6
Moldova_2008,Moldova,2008,0.39524,1.26,69.9
Moldova_2009,Moldova,2009,0.44865,1.11,70.1
Moldova_2010,Moldova,2010,0.42203,1.18,70
Moldova_2011,Moldova,2011,0.41157,1.21,71.7
Moldova_2012,Moldova,2012,0.42564,1.17,72
Moldova_2013,Moldova,2013,0.415,1.2,72.7
Moldova_2014,Moldova,2014,0.42931,1.16,72.3
Moldova_2015,Moldova,2015,0.42203,1.18,72.1
Moldova_2016,Moldova,2016,0.41157,1.21,72.6
Mongolia_2016,Mongolia,2016,0.06007,8.29,67.8
North Macedonia_2009,North Macedonia,2009,0.11939,4.2,73
North Macedonia_2010,North Macedonia,2010,0.12412,4.15,73.4
North Macedonia_2011,North Macedonia,2011,0.11701,4.49,73.7
North Macedonia_2012,North Macedonia,2012,0.12362,4.25,73.7
North Macedonia_2013,North Macedonia,2013,0.14133,3.79,74
Norway_1990,Norway,1990,0.11226,8.32,76.9
Norway_1991,Norway,1991,0.13621,7.93,77.2
Norway_1992,Norway,1992,0.13937,8.1,77.3
Norway_1993,Norway,1993,0.146,8.4,77.5
Norway_1994,Norway,1994,0.15633,8.78,77.8
Norway_1995,Norway,1995,0.16573,8.87,78
Norway_1996,Norway,1996,0.17291,9.53,78.3
Norway_1997,Norway,1997,0.18614,9.49,78.5
Norway_1998,Norway,1998,0.18594,9.5,78.5
Norway_1999,Norway,1999,0.19615,9.61,78.7
Norway_2000,Norway,2000,0.21179,9.46,78.9
Norway_2001,Norway,2001,0.21855,9.71,79.1
Norway_2002,Norway,2002,0.23686,9.46,79.3
Norway_2003,Norway,2003,0.25519,9.71,79.7
Norway_2004,Norway,2004,0.27932,9.72,80.1
Norway_2005,Norway,2005,0.30451,9.5,80.4
Norway_2006,Norway,2006,0.30977,9.53,80.5
Norway_2007,Norway,2007,0.31302,9.81,80.7
Norway_2008,Norway,2008,0.33501,9.52,80.9
Norway_2009,Norway,2009,0.3635,9.1,81.1
Norway_2010,Norway,2010,0.36182,9.47,81.3
Norway_2011,Norway,2011,0.37244,9.2,81.3
Norway_2012,Norway,2012,0.40092,8.99,81.6
Norway_2013,Norway,2013,0.42019,8.86,81.8
Norway_2014,Norway,2014,0.45309,8.74,82.2
Norway_2015,Norway,2015,0.48269,8.72,82.4
Poland_2004,Poland,2004,0.07098,8.43,75
Poland_2005,Poland,2005,0.07535,8.41,75.2
Poland_2006,Poland,2006,0.07435,8.76,75.3
Poland_2007,Poland,2007,0.07637,8.76,75.4
Poland_2008,Poland,2008,0.08209,8.58,75.6
Poland_2009,Poland,2009,0.09202,8.23,75.9
Poland_2010,Poland,2010,0.09912,8.71,76.5
Poland_2011,Poland,2011,0.10533,8.7,76.8
Poland_2012,Poland,2012,0.10962,8.52,76.9
Poland_2013,Poland,2013,0.12814,8.43,77.2
Poland_2014,Poland,2014,0.15722,8.11,77.6
Poland_2015,Poland,2015,0.15512,8.22,77.6
Portugal_2003,Portugal,2003,0.22174,6.19,77.8
Portugal_2004,Portugal,2004,0.2655,6.43,78.4
Portugal_2005,Portugal,2005,0.2937,6.62,78.8
Portugal_2006,Portugal,2006,0.3547,6.15,79.2
Portugal_2007,Portugal,2007,0.38983,5.9,79.4
Portugal_2008,Portugal,2008,0.43701,5.67,79.7
Portugal_2009,Portugal,2009,0.48171,5.39,79.9
Portugal_2010,Portugal,2010,0.55486,5,80.2
Portugal_2011,Portugal,2011,0.60248,4.9,80.5
Portugal_2012,Portugal,2012,0.65895,4.75,80.8
Portugal_2013,Portugal,2013,0.7191,4.6,81.1
Portugal_2014,Portugal,2014,0.74326,4.61,81.3
Romania_2006,Romania,2006,0.10061,4.95,72.8
Romania_2007,Romania,2007,0.1012,5.09,73.4
Romania_2008,Romania,2008,0.102,5.05,73.4
Romania_2009,Romania,2009,0.12201,4.25,73.5
Romania_2010,Romania,2010,0.12866,4.11,73.8
Romania_2011,Romania,2011,0.12583,4.42,74.6
Romania_2012,Romania,2012,0.13074,4.28,74.7
Romania_2013,Romania,2013,0.16962,3.84,75.3
Romania_2014,Romania,2014,0.15461,3.87,75
Romania_2015,Romania,2015,0.16658,3.91,75.3
Romania_2016,Romania,2016,0.17006,3.83,75.3
Russia_1997,Russia,1997,0.04985,9.99,67.2
Russia_1998,Russia,1998,0.0503,9.9,67.5
Serbia_2012,Serbia,2012,0.11513,4.89,74.8
Serbia_2013,Serbia,2013,0.11613,5,74.9
Serbia_2014,Serbia,2014,0.14314,4.18,75
Serbia_2015,Serbia,2015,0.12495,4.93,75.1
Slovakia_2006,Slovakia,2006,0.07083,7.9,74.7
Slovakia_2007,Slovakia,2007,0.07363,7.6,74.7
Slovakia_2008,Slovakia,2008,0.07801,7.67,75
Slovakia_2009,Slovakia,2009,0.09331,6.98,75.3
Slovakia_2010,Slovakia,2010,0.10374,7.13,75.8
Slovakia_2011,Slovakia,2011,0.11009,7.04,76
Slovakia_2012,Slovakia,2012,0.12451,6.65,76.3
Slovakia_2013,Slovakia,2013,0.13678,6.57,76.7
Slovakia_2014,Slovakia,2014,0.15065,6.2,76.9
Slovenia_2004,Slovenia,2004,0.1407,8.37,77.4
Slovenia_2005,Slovenia,2005,0.17992,8.5,78.1
Slovenia_2006,Slovenia,2006,0.19228,8.57,78.3
Slovenia_2007,Slovenia,2007,0.21254,8.59,78.6
Slovenia_2008,Slovenia,2008,0.23553,9.01,79.1
Slovenia_2009,Slovenia,2009,0.28643,8.03,79.4
Slovenia_2010,Slovenia,2010,0.30896,8.02,79.7
Slovenia_2011,Slovenia,2011,0.3328,7.98,80
Slovenia_2012,Slovenia,2012,0.36077,7.69,80.2
Slovenia_2013,Slovenia,2013,0.40111,7.36,80.5
Slovenia_2014,Slovenia,2014,0.52312,6.55,81.3
Slovenia_2015,Slovenia,2015,0.49370000000000003,6.58,81
South Africa_2008,South Africa,2008,0.0501,9.94,54.3
South Korea_2006,South Korea,2006,0.23512,9.53,79.3
South Korea_2007,South Korea,2007,0.2512,10.1,79.8
South Korea_2008,South Korea,2008,0.26935,10.3,80.2
South Korea_2009,South Korea,2009,0.28662,10.3,80.5
South Korea_2010,South Korea,2010,0.27456,11.4,80.8
South Korea_2011,South Korea,2011,0.28535,11.8,81.2
South Korea_2012,South Korea,2012,0.30299,11.7,81.5
South Korea_2013,South Korea,2013,0.32052,11.8,81.9
South Korea_2014,South Korea,2014,0.35212,11.6,82.3
South Korea_2015,South Korea,2015,0.38104,11.7,82.6
Spain_1990,Spain,1990,0.16656,5.9,77
Spain_1991,Spain,1991,0.16826,6.13,77.1
Spain_1992,Spain,1992,0.19374,6.33,77.5
Spain_1993,Spain,1993,0.21702,6.1,77.7
Spain_1994,Spain,1994,0.22969,6.4,78
Spain_1995,Spain,1995,0.22757,6.72,78.1
Spain_1996,Spain,1996,0.25788,6.39,78.3
Spain_1997,Spain,1997,0.29106,6.68,78.8
Spain_1998,Spain,1998,0.30071,6.86,79
Spain_1999,Spain,1999,0.28678,7.4,79.1
Spain_2000,Spain,2000,0.30962,7.62,79.5
Spain_2001,Spain,2001,0.33516,7.57,79.8
Spain_2002,Spain,2002,0.32659,7.95,79.9
Spain_2003,Spain,2003,0.33574,7.91,80
Spain_2004,Spain,2004,0.34683,8.17,80.3
Spain_2005,Spain,2005,0.35979,8.37,80.6
Spain_2006,Spain,2006,0.40405,8.04,81
Spain_2007,Spain,2007,0.41621,8.09,81.2
Spain_2008,Spain,2008,0.47815,7.29,81.4
Spain_2009,Spain,2009,0.58444,6.37,81.8
Spain_2010,Spain,2010,0.64581,6.04,82.1
Spain_2011,Spain,2011,0.67625,6.04,82.3
Spain_2012,Spain,2012,0.7098,5.93,82.4
Spain_2013,Spain,2013,0.85339,5.37,82.7
Spain_2014,Spain,2014,0.86372,5.45,82.8
Spain_2015,Spain,2015,0.8102,5.81,82.8
Sweden_1990,Sweden,1990,0.21908,6.71,78
Sweden_1991,Sweden,1991,0.22859,6.69,78.1
Sweden_1992,Sweden,1992,0.2493,6.61,78.3
Sweden_1993,Sweden,1993,0.26927,6.56,78.5
Sweden_1994,Sweden,1994,0.28592,6.8,78.8
Sweden_1995,Sweden,1995,0.31674,6.7,79.1
Sweden_1996,Sweden,1996,0.31427,7.13,79.3
Sweden_1997,Sweden,1997,0.3602,6.55,79.5
Sweden_1998,Sweden,1998,0.36534,6.62,79.6
Sweden_1999,Sweden,1999,0.40272,6.3,79.8
Sweden_2000,Sweden,2000,0.43112,6.16,80
Sweden_2001,Sweden,2001,0.44318,6.26,80.2
Sweden_2002,Sweden,2002,0.44623,6.35,80.3
Sweden_2003,Sweden,2003,0.46199,6.39,80.5
Sweden_2004,Sweden,2004,0.48897,6.28,80.7
Sweden_2005,Sweden,2005,0.54506,5.96,81
Sweden_2006,Sweden,2006,0.56065,5.9,81.1
Sweden_2007,Sweden,2007,0.59487,5.76,81.3
Sweden_2008,Sweden,2008,0.64572,5.49,81.5
Sweden_2009,Sweden,2009,0.72403,5.06,81.7
Sweden_2010,Sweden,2010,0.67178,5.63,81.9
Sweden_2011,Sweden,2011,0.74302,5.17,82
Sweden_2012,Sweden,2012,0.80262,4.86,82.1
Sweden_2013,Sweden,2013,0.87651,4.66,82.3
Sweden_2014,Sweden,2014,0.97167,4.46,82.5
Sweden_2015,Sweden,2015,0.98268,4.41,82.5
Switzerland_1990,Switzerland,1990,0.21405,6.64,77.9
Switzerland_1991,Switzerland,1991,0.2226,6.87,78.1
Switzerland_1992,Switzerland,1992,0.25179,6.78,78.4
Switzerland_1993,Switzerland,1993,0.29685,6.35,78.7
Switzerland_1994,Switzerland,1994,0.33488,6.16,79
Switzerland_1995,Switzerland,1995,0.32264,6.21,78.9
Switzerland_1996,Switzerland,1996,0.35737,6.27,79.3
Switzerland_1997,Switzerland,1997,0.39714,6.09,79.6
Switzerland_1998,Switzerland,1998,0.41213,6.3,79.9
Switzerland_1999,Switzerland,1999,0.4344,6.25,80.1
Switzerland_2000,Switzerland,2000,0.46376,6.11,80.3
Switzerland_2001,Switzerland,2001,0.47953,6.28,80.6
Switzerland_2002,Switzerland,2002,0.52978,6.02,80.9
Switzerland_2003,Switzerland,2003,0.53786,6.15,81.1
Switzerland_2004,Switzerland,2004,0.56403,6.18,81.4
Switzerland_2005,Switzerland,2005,0.5909,6.2,81.7
Switzerland_2006,Switzerland,2006,0.62104,6.09,81.9
Switzerland_2007,Switzerland,2007,0.6875,5.76,82.2
Switzerland_2008,Switzerland,2008,0.71705,5.87,82.4
Switzerland_2009,Switzerland,2009,0.76702,5.65,82.5
Switzerland_2010,Switzerland,2010,0.81582,5.77,82.8
Switzerland_2011,Switzerland,2011,0.95498,5.19,83
Switzerland_2012,Switzerland,2012,0.96229,5.28,83.1
Switzerland_2013,Switzerland,2013,1,5.33,83.3
Thailand_1994,Thailand,1994,0.21747,2.29,70.9
Thailand_1995,Thailand,1995,0.18864,2.64,70.7
Thailand_1996,Thailand,1996,0.17232,2.89,70.6
Thailand_1997,Thailand,1997,0.16881,2.95,71.7
Thailand_1998,Thailand,1998,0.19228,2.59,71.8
Thailand_1999,Thailand,1999,0.18652,2.67,71.4
Thailand_2000,Thailand,2000,0.18376,2.71,71.8
Thailand_2001,Thailand,2001,0.17352,2.87,72.8
Thailand_2002,Thailand,2002,0.16828,3,73.1
Thailand_2003,Thailand,2003,0.1657,3.15,73.6
Thailand_2004,Thailand,2004,0.15636,3.36,73.7
Thailand_2005,Thailand,2005,0.16414,3.43,74.8
Thailand_2006,Thailand,2006,0.19335,3.46,75.4
Thailand_2007,Thailand,2007,0.22206,3.49,76
Thailand_2008,Thailand,2008,0.2517,3.43,76.5
Thailand_2009,Thailand,2009,0.25659,3.64,76.9
Thailand_2010,Thailand,2010,0.25726,3.82,77
Thailand_2011,Thailand,2011,0.3132,3.76,77.4
Thailand_2012,Thailand,2012,0.33178,3.99,77.7
Thailand_2013,Thailand,2013,0.35252,4.17,78
Thailand_2014,Thailand,2014,0.37575,4.07,78.1
Thailand_2015,Thailand,2015,0.38746,4.1,78.2
Thailand_2016,Thailand,2016,0.36118,4.07,78
Trinidad and Tobago_1990,Trinidad and Tobago,1990,0.03583,13.9,69.6
Trinidad and Tobago_1991,Trinidad and Tobago,1991,0.03609,13.8,69.9
Trinidad and Tobago_1992,Trinidad and Tobago,1992,0.03213,15.5,69.7
Tunisia_2009,Tunisia,2009,0.3355,2.31,76
Turkey_2009,Turkey,2009,0.20685,4.43,76.8
Turkey_2010,Turkey,2010,0.20659,4.35,76.7
Turkey_2011,Turkey,2011,0.19791,4.63,76.8
Turkey_2012,Turkey,2012,0.20733,4.74,77
Turkey_2013,Turkey,2013,0.21598,4.55,77
Turkey_2014,Turkey,2014,0.21993,4.69,77.1
Turkey_2015,Turkey,2015,0.24231,4.86,77.4
Ukraine_1995,Ukraine,1995,0.06493,7.67,67
Ukraine_1996,Ukraine,1996,0.07165,6.95,67.3
Ukraine_1997,Ukraine,1997,0.07334,6.79,67.9
Ukraine_1998,Ukraine,1998,0.07534,6.61,68.7
Ukraine_1999,Ukraine,1999,0.08218,6.06,68.3
Ukraine_2000,Ukraine,2000,0.08513,5.85,68
Ukraine_2001,Ukraine,2001,0.0793,6.28,68.2
Ukraine_2002,Ukraine,2002,0.08071,6.17,68.1
Ukraine_2003,Ukraine,2003,0.07709,6.46,68.3
Ukraine_2004,Ukraine,2004,0.07568,6.58,68
United Kingdom_1990,United Kingdom,1990,0.07044,10.5,75.8
United Kingdom_1991,United Kingdom,1991,0.07478,10.6,76.1
United Kingdom_1992,United Kingdom,1992,0.08039,10.3,76.3
United Kingdom_1993,United Kingdom,1993,0.08373,10.1,76.4
United Kingdom_1994,United Kingdom,1994,0.09014,9.97,76.7
United Kingdom_1995,United Kingdom,1995,0.0936,9.79,76.8
United Kingdom_1996,United Kingdom,1996,0.0973,10.1,77
United Kingdom_1997,United Kingdom,1997,0.11699,9.65,77.3
United Kingdom_1998,United Kingdom,1998,0.1263,9.71,77.5
United Kingdom_1999,United Kingdom,1999,0.13352,9.55,77.6
United Kingdom_2000,United Kingdom,2000,0.15265,9.63,78
United Kingdom_2001,United Kingdom,2001,0.16901,9.75,78.3
United Kingdom_2002,United Kingdom,2002,0.18692,9.45,78.5
United Kingdom_2003,United Kingdom,2003,0.19018,9.6,78.6
United Kingdom_2004,United Kingdom,2004,0.21533,9.58,79
United Kingdom_2005,United Kingdom,2005,0.23686,9.46,79.3
United Kingdom_2006,United Kingdom,2006,0.25287,9.33,79.5
United Kingdom_2007,United Kingdom,2007,0.27881,9.1,79.8
United Kingdom_2008,United Kingdom,2008,0.30282,8.77,80
United Kingdom_2009,United Kingdom,2009,0.36005,7.87,80.3
United Kingdom_2010,United Kingdom,2010,0.37316,8.07,80.6
United Kingdom_2011,United Kingdom,2011,0.42643,7.34,80.8
United Kingdom_2012,United Kingdom,2012,0.42186,7.56,80.9
United Kingdom_2013,United Kingdom,2013,0.44138,7.36,81
United Kingdom_2014,United Kingdom,2014,0.49297,6.71,81.1
United Kingdom_2015,United Kingdom,2015,0.50601,6.42,81
United States_1990,United States,1990,0.03557,20.3,75.7
United States_1991,United States,1991,0.03806,19.9,75.9
United States_1992,United States,1992,0.03837,20.2,76
United States_1993,United States,1993,0.03712,20.4,75.9
United States_1994,United States,1994,0.0378,20.5,76
United States_1995,United States,1995,0.03867,20.5,76.1
United States_1996,United States,1996,0.04027,21,76.4
United States_1997,United States,1997,0.04363,21,76.8
United States_1998,United States,1998,0.04469,20.9,76.9
United States_1999,United States,1999,0.04469,20.9,76.9
United States_2000,United States,2000,0.04614,21.3,77
United States_2001,United States,2001,0.04983,20.7,77.1
United States_2002,United States,2002,0.05218,20.7,77.2
United States_2003,United States,2003,0.05454,20.7,77.3
United States_2004,United States,2004,0.06334,20.9,77.7
United States_2005,United States,2005,0.06365,20.8,77.7
United States_2006,United States,2006,0.07241,20.3,78
United States_2007,United States,2007,0.07787,20.4,78.2
Venezuela_1990,Venezuela,1990,0.08019,6.21,72.4
Venezuela_1991,Venezuela,1991,0.08691,5.73,72.9
Venezuela_1992,Venezuela,1992,0.09689,5.14,72.9
Venezuela_1993,Venezuela,1993,0.08441,5.9,72.8
Venezuela_1994,Venezuela,1994,0.08245,6.04,72.3
