dmu,country,continent,efficiency_crs,efficiency_vrs,income,hdi,hpi,cluster
Albania_1996,Albania,Europe,1,1,4.91,0.646,NA,5
Albania_1997,Albania,Europe,1,1,4.4,0.645,NA,5
Albania_1998,Albania,Europe,1,1,4.82,0.655,NA,5
Albania_1999,Albania,Europe,0.98952,1,5.48,0.665,NA,5
Albania_2000,Albania,Europe,0.94907,1,5.89,0.671,NA,5
Albania_2001,Albania,Europe,0.9364,0.99064,6.44,0.678,NA,5
Albania_2002,Albania,Europe,0.95695,1,6.75,0.684,NA,5
Albania_2003,Albania,Europe,0.94321,0.97222,7.15,0.691,NA,5
Albania_2004,Albania,Europe,0.93026,0.96159,7.58,0.696,NA,5
Albania_2005,Albania,Europe,0.95182,0.98687,8.04,0.706,NA,5
Albania_2006,Albania,Europe,0.96336,1,8.57,0.713,46.74260972,5
Albania_2007,Albania,Europe,0.9393,1,9.15,0.722,46.08787168,5
Albania_2008,Albania,Europe,0.88875,0.98314,9.91,0.728,49.4192236,5
Albania_2009,Albania,Europe,0.87244,1,10.3,0.733,52.23617081,5
Albania_2010,Albania,Europe,0.89407,1,10.7,0.745,51.34420037,5
Argentina_1990,Argentina,Americas,0.85653,0.85778,14.1,0.718,NA,5
Argentina_1991,Argentina,Americas,0.87245,0.87547,15.2,0.725,NA,5
Argentina_1992,Argentina,Americas,0.87841,0.88243,16.2,0.73,NA,5
Argentina_1993,Argentina,Americas,0.89732,0.90649,17.3,0.735,NA,5
Argentina_1994,Argentina,Americas,0.88819,0.88948,18.1,0.739,NA,5
Argentina_1995,Argentina,Americas,0.86832,0.87414,17.4,0.741,NA,5
Argentina_1996,Argentina,Americas,0.85653,0.85653,18.1,0.748,NA,5
Armenia_1999,Armenia,Asia,0.96867,1,3.8,0.664,NA,5
Armenia_2000,Armenia,Asia,0.94545,1,4.05,0.669,NA,5
Armenia_2001,Armenia,Asia,0.97051,1,4.46,0.673,NA,5
Armenia_2002,Armenia,Asia,0.98422,1,5.08,0.682,NA,5
Armenia_2003,Armenia,Asia,0.95569,1,5.82,0.691,NA,5
Armenia_2004,Armenia,Asia,0.92628,1,6.47,0.7,NA,5
Armenia_2005,Armenia,Asia,0.93859,1,7.42,0.712,NA,5
Armenia_2006,Armenia,Asia,1,1,8.46,0.726,45.13628386,5
Armenia_2007,Armenia,Asia,1,1,9.71,0.741,47.62238071,5
Armenia_2008,Armenia,Asia,1,1,10.5,0.745,44.33711868,5
Armenia_2009,Armenia,Asia,0.88663,1,9.05,0.742,42.42413062,5
Armenia_2010,Armenia,Asia,0.92764,1,9.29,0.747,43.97572775,5
Armenia_2011,Armenia,Asia,0.90837,0.9937,9.73,0.751,42.40577199,5
Armenia_2012,Armenia,Asia,0.92274,1,10.4,0.756,42.39224941,5
Armenia_2013,Armenia,Asia,0.95218,1,10.7,0.762,42.90328561,5
Armenia_2014,Armenia,Asia,0.94631,1,11,0.764,44.22863254,5
Armenia_2015,Armenia,Asia,0.98594,1,11.3,0.768,43.89880496,5
Armenia_2016,Armenia,Asia,0.9624,1,11.3,0.766,44.13751633,5
Australia_1990,Australia,Oceania,0.78707,0.82014,31,0.871,NA,2
Australia_1991,Australia,Oceania,0.82288,0.84487,30.5,0.871,NA,2
Australia_1992,Australia,Oceania,0.8264,0.8477,30.3,0.873,NA,2
Australia_1993,Australia,Oceania,0.81434,0.83917,31.2,0.876,NA,2
Australia_1994,Australia,Oceania,0.81039,0.83754,32.1,0.879,NA,2
Australia_1995,Australia,Oceania,0.76652,0.7934,32.9,0.888,NA,2
Australia_1996,Australia,Oceania,0.7851,0.81014,33.7,0.89,NA,2
Australia_1997,Australia,Oceania,0.7806,0.80651,34.7,0.893,NA,2
Australia_1998,Australia,Oceania,0.78885,0.81391,35.9,0.896,NA,2
Australia_1999,Australia,Oceania,0.81085,0.8339,37.2,0.9,NA,2
Australia_2000,Australia,Oceania,0.81085,0.83774,38.2,0.903,NA,2
Australia_2001,Australia,Oceania,0.82861,0.86463,38.5,0.905,NA,2
Australia_2002,Australia,Oceania,0.83023,0.88764,39.5,0.907,NA,2
Australia_2003,Australia,Oceania,0.83953,0.91107,40.3,0.909,NA,2
Australia_2004,Australia,Oceania,0.81114,1,41.5,0.911,NA,2
Australia_2005,Australia,Oceania,0.90093,1,42.2,0.906,NA,2
Australia_2006,Australia,Oceania,0.88669,1,42.7,0.909,NA,2
Australia_2007,Australia,Oceania,0.8374,1,44.1,0.912,40.03810372,2
Australia_2008,Australia,Oceania,0.89309,1,44.7,0.926,39.23511438,2
Australia_2009,Australia,Oceania,0.83439,0.89547,44.6,0.928,41.04069394,2
Australia_2010,Australia,Oceania,0.83498000000000006,0.87399,44.9,0.93,41.8168227,2
Australia_2011,Australia,Oceania,0.80926,0.83137,45.4,0.932,40.38357785,2
Australia_2012,Australia,Oceania,0.80447,0.82843,46.4,0.937,41.61878076,2
Australia_2013,Australia,Oceania,0.80221,0.83074,46.7,0.931,44.44091242,2
Australia_2014,Australia,Oceania,0.78177,0.81716,47.2,0.933,46.24773447,2
Australia_2015,Australia,Oceania,0.77562,0.82213,47.6,0.938,47.56684669,2
Austria_1990,Austria,Europe,0.89568,0.90034,37.5,0.803,NA,2
Austria_1991,Austria,Europe,0.8589,0.87806,38.4,0.808,NA,2
Austria_1992,Austria,Europe,0.82103,0.83751,38.8,0.813,NA,4
Austria_1993,Austria,Europe,0.81191,0.83762,38.7,0.817,NA,4
Austria_1994,Austria,Europe,0.78485,0.82436,39.4,0.821,NA,4
Austria_1995,Austria,Europe,0.78969,0.82721,40.4,0.825,NA,4
Austria_1996,Austria,Europe,0.79,0.81713,41.3,0.829,NA,4
Austria_1997,Austria,Europe,0.80617,0.83514,42.1,0.832,NA,4
Austria_1998,Austria,Europe,0.80261,0.81284,43.6,0.837,NA,4
Austria_1999,Austria,Europe,0.83537,0.84938,45.1,0.842,NA,4
Austria_2000,Austria,Europe,0.83273,0.83736,46.5,0.847,NA,4
Austria_2001,Austria,Europe,0.84375,0.85535,46.9,0.857,NA,4
Austria_2002,Austria,Europe,0.86679,0.87979,47.4,0.847,NA,4
Austria_2003,Austria,Europe,0.82422,0.8454,47.6,0.851,NA,2
Austria_2004,Austria,Europe,0.81885,0.83672,48.6,0.858,NA,2
Austria_2005,Austria,Europe,0.685,0.70582,49.4,0.863,NA,2
Austria_2006,Austria,Europe,0.80838,0.82321,50.8,0.87,44.63927847,2
Austria_2007,Austria,Europe,0.71287,0.73072,52.6,0.89,45.06668899,2
Austria_2008,Austria,Europe,0.80783,0.84928,53.2,0.893,45.26612105,2
Austria_2009,Austria,Europe,0.79322,0.82681,51,0.895,47.83653761,2
Austria_2010,Austria,Europe,0.87978,0.95754,51.8,0.904,46.81811714,2
Austria_2011,Austria,Europe,0.79269,0.82759,53.2,0.906,46.88853818,2
Austria_2012,Austria,Europe,0.82571,0.88838,53.3,0.908,48.2825341,2
Austria_2013,Austria,Europe,0.83018,0.8987,53,0.905,48.46780631,2
Austria_2014,Austria,Europe,0.82447,0.90191,52.9,0.913,46.1909333,2
Austria_2015,Austria,Europe,0.83485,0.91582,52.9,0.915,47.03133872,2
Austria_2016,Austria,Europe,0.89077,1,53.3,0.917,46.93854373,2
Azerbaijan_1995,Azerbaijan,Asia,0.81373,0.81375,2.98,0.604,NA,5
Azerbaijan_1996,Azerbaijan,Asia,0.79978,0.79979,2.99,0.605,NA,5
Azerbaijan_1997,Azerbaijan,Asia,0.88216,0.88218,3.13,0.61,NA,5
Azerbaijan_1998,Azerbaijan,Asia,0.86382,0.86382,3.41,0.619,NA,5
Azerbaijan_1999,Azerbaijan,Asia,0.82899,0.84921,3.63,0.629,NA,5
Azerbaijan_2000,Azerbaijan,Asia,0.93933,1,4,0.635,NA,5
Azerbaijan_2001,Azerbaijan,Asia,0.80403,0.92109,4.36,0.643,NA,5
Azerbaijan_2002,Azerbaijan,Asia,0.83333,1,4.74,0.651,NA,5
Azerbaijan_2003,Azerbaijan,Asia,0.68004,0.84217,5.18,0.659,NA,5
Azerbaijan_2004,Azerbaijan,Asia,0.94349,0.97206,5.61,0.667,NA,5
Azerbaijan_2005,Azerbaijan,Asia,1,1,7.11,0.674,NA,5
Belarus_1998,Belarus,Europe,0.99999,1,7.29,0.674,NA,5
Belarus_1999,Belarus,Europe,1,1,7.58,0.679,NA,5
Belarus_2000,Belarus,Europe,1,1,8.05,0.686,NA,5
Belarus_2001,Belarus,Europe,1,1,8.48,0.692,NA,5
Belgium_1990,Belgium,Europe,0.90935,0.9438,35.5,0.813,NA,4
Belgium_1991,Belgium,Europe,0.87676,0.9074,36,0.817,NA,4
Belgium_1992,Belgium,Europe,0.80388,0.83404,36.4,0.832,NA,4
Belgium_1993,Belgium,Europe,0.80574,0.83034,35.9,0.845,NA,4
Belgium_1994,Belgium,Europe,0.79875,0.82189,37,0.852,NA,4
Belgium_1995,Belgium,Europe,0.8002,0.822,37.8,0.859,NA,4
Belgium_1996,Belgium,Europe,0.80119,0.82934,38.2,0.864,NA,4
Belgium_1997,Belgium,Europe,0.83814,0.86797,39.6,0.869,NA,4
Belgium_1998,Belgium,Europe,0.78577,0.81389,40.3,0.873,NA,4
Belgium_1999,Belgium,Europe,0.61966,0.70275,41.6,0.875,NA,4
Belgium_2000,Belgium,Europe,0.631,0.66965,43,0.88,NA,4
Belgium_2001,Belgium,Europe,0.66046,0.73740000000000006,43.3,0.883,NA,4
Belgium_2002,Belgium,Europe,0.80832,0.83876,43.9,0.886,NA,4
Belgium_2003,Belgium,Europe,0.7793,0.81112,44.2,0.889,NA,4
Belgium_2004,Belgium,Europe,0.76982,0.80145,45.5,0.893,NA,4
Belgium_2005,Belgium,Europe,0.8018,0.83308,46.3,0.897,NA,4
Belgium_2006,Belgium,Europe,0.77567,0.80678,47.2,0.904,NA,4
Belgium_2007,Belgium,Europe,0.74319,0.78734,48.6,0.907,41.22820157,4
Belgium_2008,Belgium,Europe,0.66406,0.77971,48.4,0.906,41.47323412,4
Belgium_2009,Belgium,Europe,0.76743,0.80998,47.1,0.907,42.44426093,4
Belgium_2010,Belgium,Europe,0.74154,0.87681,48,0.91,41.62212106,4
Belgium_2011,Belgium,Europe,0.72899,0.91589,48.2,0.911,43.66628423,4
Belgium_2012,Belgium,Europe,0.89792,0.94689,48.2,0.913,41.85343931,4
Belgium_2013,Belgium,Europe,0.96532,1,48.2,0.916,43.07968402,4
Belgium_2014,Belgium,Europe,0.93967,0.98619,48.7,0.918,42.59297496,4
Belgium_2015,Belgium,Europe,0.95853,1,49.5,0.922,44.62783153,4
Bulgaria_2006,Bulgaria,Europe,0.67894,0.76731,15.9,0.765,NA,5
Bulgaria_2007,Bulgaria,Europe,0.63725,0.71209,17.1,0.773,32.0694944,5
Bulgaria_2008,Bulgaria,Europe,0.73904,0.82432,18.3,0.78,31.03979196,5
Bulgaria_2009,Bulgaria,Europe,0.83732,0.91777,17.8,0.782,33.89132242,5
Bulgaria_2010,Bulgaria,Europe,0.88476,0.9954,18.2,0.788,34.15580378,5
Bulgaria_2011,Bulgaria,Europe,0.88832,0.99889,18.7,0.791,34.20894448,5
Bulgaria_2012,Bulgaria,Europe,0.89299,0.99237,18.9,0.795,36.51272783,5
Bulgaria_2013,Bulgaria,Europe,0.89436,1,18.9,0.801,36.05452786,5
Bulgaria_2014,Bulgaria,Europe,0.85787,0.96969,19.2,0.806,38.46135765,5
Canada_1990,Canada,Americas,0.6909,0.71447,34.6,0.85,NA,2
Canada_1991,Canada,Americas,0.69034,0.72033,33.5,0.854,NA,2
Canada_1992,Canada,Americas,0.68521,0.72605,33.4,0.857,NA,2
Canada_1993,Canada,Americas,0.68778,0.73659,33.9,0.855,NA,2
Canada_1994,Canada,Americas,0.68641,0.73696,35.1,0.859,NA,2
Canada_1995,Canada,Americas,0.68693,0.74157,35.6,0.862,NA,2
Canada_1996,Canada,Americas,0.70102,0.76711,35.8,0.864,NA,2
Canada_1997,Canada,Americas,0.69413,0.75911,34,0.863,NA,2
Canada_1998,Canada,Americas,0.69575,0.75719,34.7,0.861,NA,2
Canada_1999,Canada,Americas,0.71933,0.77694,35.8,0.864,NA,2
Canada_2000,Canada,Americas,0.70604,0.74818,37.2,0.867,NA,2
Canada_2001,Canada,Americas,0.75326,0.80888,37.3,0.871,NA,2
Canada_2002,Canada,Americas,0.7685,0.82102,38.2,0.877,NA,2
Canada_2003,Canada,Americas,0.78561,0.83489,39.3,0.882,NA,2
Canada_2004,Canada,Americas,0.80579,0.84181,40.4,0.888,NA,2
Canada_2005,Canada,Americas,0.79268,0.82424,42,0.894,NA,2
Chile_1990,Chile,Americas,0.88422,0.90881,9.85,0.706,NA,5
Chile_1991,Chile,Americas,0.8994,0.91629,10.4,0.715,NA,5
Chile_1992,Chile,Americas,0.90747,0.93431,11.4,0.722,NA,5
Chile_1993,Chile,Americas,0.90548,0.94848,12,0.715,NA,5
Chile_1994,Chile,Americas,0.87865,0.91126,12.4,0.72,NA,5
Colombia_1992,Colombia,Americas,0.98819,0.98901,8.48,0.617,NA,5
Colombia_1993,Colombia,Americas,0.99085,0.99163,8.77,0.624,NA,5
Colombia_1994,Colombia,Americas,0.98915,0.98986,9.1,0.631,NA,5
Costa Rica_1990,Costa Rica,Americas,1,1,9.93,0.665,NA,5
Costa Rica_1991,Costa Rica,Americas,0.99812,1,9.9,0.672,NA,5
Costa Rica_1992,Costa Rica,Americas,0.99627,1,10.5,0.68,NA,5
Costa Rica_1993,Costa Rica,Americas,0.99554,1,11,0.687,NA,5
Costa Rica_1994,Costa Rica,Americas,0.96509,0.97241,11.2,0.692,NA,5
Costa Rica_1995,Costa Rica,Americas,0.97119,0.97121,11.4,0.697,NA,5
Croatia_2009,Croatia,Europe,0.79554,0.85257,24.8,0.812,42.5667891,4
Croatia_2010,Croatia,Europe,0.83391,0.88695,24.5,0.815,44.5285375,4
Croatia_2011,Croatia,Europe,0.83921,0.89931,24.6,0.823,42.88971329,4
Croatia_2012,Croatia,Europe,0.85062,0.9081,24.1,0.825,47.03554175,4
Croatia_2013,Croatia,Europe,0.86318,0.92136,24.1,0.83,46.81625633,4
Croatia_2014,Croatia,Europe,0.83285,0.89985,24.1,0.835,44.87488339,4
Croatia_2015,Croatia,Europe,0.88382,0.96332,24.9,0.84,43.12976486,4
Croatia_2016,Croatia,Europe,0.88053,0.93561,25.9,0.841,43.70496939,4
Cyprus_2004,Cyprus,Asia,0.71828,0.75836,36.5,0.831,NA,4
Cyprus_2005,Cyprus,Asia,0.72711,0.76048,37.7,0.836,NA,4
Cyprus_2006,Cyprus,Asia,0.70319,0.73053,38.8,0.842,43.4482131,4
Cyprus_2007,Cyprus,Asia,0.69649,0.72332,40,0.849,44.03192499,4
Cyprus_2008,Cyprus,Asia,0.51972,0.54025,40.4,0.858,45.03960225,4
Cyprus_2009,Cyprus,Asia,0.42697,0.47471,38.5,0.862,47.66258685,1
Cyprus_2010,Cyprus,Asia,0.44183,0.67666,38.3,0.856,45.73346035,4
Cyprus_2011,Cyprus,Asia,0.45725,0.5217,37.5,0.86,49.46593357,1
Cyprus_2012,Cyprus,Asia,0.46242,0.55617,35.6,0.859,49.2382434,1
Cyprus_2013,Cyprus,Asia,0.47922,0.6293,33.4,0.86,48.45698791,4
Cyprus_2014,Cyprus,Asia,0.45529,0.609,33.1,0.862,48.90372753,1
Cyprus_2015,Cyprus,Asia,0.47263,0.60715,34.5,0.865,47.60420644,1
Cyprus_2016,Cyprus,Asia,0.58684,0.73777,36.5,0.873,49.05419209,4
Czechia_1993,Czechia,Europe,0.99253,1,20.8,0.743,NA,2
Czechia_1994,Czechia,Europe,1,1,21.4,0.752,NA,2
Czechia_1995,Czechia,Europe,0.94992,0.96824,22.8,0.761,NA,2
Czechia_1996,Czechia,Europe,0.99059,1,23.8,0.776,NA,2
Czechia_1997,Czechia,Europe,0.99429,1,23.7,0.782,NA,2
Czechia_1998,Czechia,Europe,0.93328,0.97561,23.6,0.783,NA,2
Czechia_1999,Czechia,Europe,0.88295,0.96397,23.9,0.793,NA,2
Czechia_2000,Czechia,Europe,0.88562,0.94335,25,0.804,NA,2
Czechia_2001,Czechia,Europe,0.8583,0.92494,25.8,0.814,NA,2
Czechia_2002,Czechia,Europe,0.81999,0.87909,26.3,0.821,NA,2
Czechia_2003,Czechia,Europe,0.87788,0.94754,27.2,0.83,NA,2
Czechia_2004,Czechia,Europe,0.82996,0.90501,28.5,0.834,NA,2
Czechia_2005,Czechia,Europe,0.81283,0.91148,30.4,0.843,NA,2
Czechia_2006,Czechia,Europe,0.86914,0.95091,32.4,0.852,NA,2
Czechia_2007,Czechia,Europe,0.86352,0.94646,34,0.858,40.08527772,2
Czechia_2008,Czechia,Europe,0.88908,0.9832,34.6,0.863,39.94546016,2
Czechia_2009,Czechia,Europe,0.87611000000000006,0.96301,32.8,0.866,42.17625515,2
Czechia_2010,Czechia,Europe,0.84558,0.92816,33.5,0.87,39.88784235,2
Czechia_2011,Czechia,Europe,0.86204,0.93132,34,0.874,40.84213716,2
Czechia_2012,Czechia,Europe,0.83657,0.91587,33.7,0.874,43.40103616,2
Czechia_2013,Czechia,Europe,0.84279,0.92196,33.7,0.882,44.84105919,2
Czechia_2014,Czechia,Europe,0.8644,0.98064,34.4,0.888,43.62884077,2
Czechia_2015,Czechia,Europe,0.9008,0.99338,36.2,0.891,44.39500336,2
Czechia_2016,Czechia,Europe,0.8829,1,37,0.893,45.00467855,2
Denmark_1990,Denmark,Europe,0.98443,1,39,0.806,NA,4
Denmark_1991,Denmark,Europe,0.89408,0.9029,39.5,0.811,NA,2
Denmark_1992,Denmark,Europe,0.952,0.95746,40.1,0.815,NA,4
Denmark_1993,Denmark,Europe,0.9443,0.94789,40,0.822,NA,4
Denmark_1994,Denmark,Europe,0.93881,0.94126,42,0.831,NA,2
Denmark_1995,Denmark,Europe,0.96513,1,43,0.837,NA,2
Denmark_1996,Denmark,Europe,0.99562,1,44,0.844,NA,2
Denmark_1997,Denmark,Europe,1,1,45.3,0.85,NA,2
Denmark_1998,Denmark,Europe,0.93889,1,46.1,0.856,NA,2
Denmark_1999,Denmark,Europe,0.90732,1,47.3,0.868,NA,2
Denmark_2000,Denmark,Europe,0.82084,1,48.9,0.87,NA,2
Denmark_2001,Denmark,Europe,0.95319,1,49.1,0.883,NA,2
Denmark_2002,Denmark,Europe,0.95477,0.98586,49.2,0.89,NA,2
Denmark_2003,Denmark,Europe,0.97199,1,49.3,0.901,NA,2
Denmark_2004,Denmark,Europe,1,1,50.4,0.905,NA,2
Denmark_2005,Denmark,Europe,0.93456,1,51.5,0.91,NA,2
Denmark_2006,Denmark,Europe,0.98317,1,53.3,0.912,NA,2
Denmark_2007,Denmark,Europe,0.94722,1,53.6,0.911,41.92387085,2
Denmark_2008,Denmark,Europe,0.96685,1,53,0.917,43.24068337,2
Denmark_2009,Denmark,Europe,0.92378,0.92505,50.1,0.914,44.58598385,2
Denmark_2010,Denmark,Europe,0.99023,0.99031,50.8,0.917,44.96441645,2
Denmark_2011,Denmark,Europe,0.92801,0.96316,51.3,0.93,45.90656542,2
Denmark_2012,Denmark,Europe,1,1,51.2,0.931,45.38651482,2
Denmark_2013,Denmark,Europe,0.97105,1,51.5,0.933,45.18131542,2
Denmark_2014,Denmark,Europe,0.95262,0.98102,52,0.935,44.43366351,2
Denmark_2015,Denmark,Europe,0.98909,1,52.9,0.933,44.20832842,2
El Salvador_1991,El Salvador,Americas,1,1,5.29,0.54,NA,5
El Salvador_1992,El Salvador,Americas,1,1,5.59,0.552,NA,5
El Salvador_1993,El Salvador,Americas,1,1,5.83,0.562,NA,5
Estonia_2003,Estonia,Europe,1,1,22.1,0.813,NA,5
Estonia_2004,Estonia,Europe,1,1,23.7,0.821,NA,2
Estonia_2005,Estonia,Europe,1,1,26.1,0.832,NA,2
Estonia_2006,Estonia,Europe,1,1,28.8,0.839,29.19972805,2
Estonia_2007,Estonia,Europe,1,1,31.1,0.846,29.55512133,2
Estonia_2008,Estonia,Europe,1,1,29.6,0.848,33.19019837,2
Estonia_2009,Estonia,Europe,0.99929,1,25.3,0.846,33.23223107,2
Estonia_2010,Estonia,Europe,0.94454,1,26,0.852,34.78693265,2
Estonia_2011,Estonia,Europe,1,1,28,0.86,35.85437635,2
Estonia_2012,Estonia,Europe,0.89744,0.89798,29,0.865,32.86366135,2
Estonia_2013,Estonia,Europe,0.91421,0.91461,29.5,0.869,35.43899157,2
Estonia_2014,Estonia,Europe,0.88686,0.89454,30.5,0.871,34.68496861,2
Estonia_2015,Estonia,Europe,1,1,31,0.877,34.42629032,2
Finland_1990,Finland,Europe,1,1,32.9,0.79,NA,2
Finland_1991,Finland,Europe,0.99585,1,30.8,0.793,NA,2
Finland_1992,Finland,Europe,0.88415,1,29.6,0.801,NA,2
Finland_1993,Finland,Europe,0.85841,0.99451,29.3,0.805,NA,2
Finland_1994,Finland,Europe,0.85041,1,30.3,0.815,NA,2
Finland_1995,Finland,Europe,0.85837,1,31.5,0.823,NA,2
Finland_1996,Finland,Europe,0.8505,0.97696,32.5,0.83,NA,2
Finland_1997,Finland,Europe,0.84519,0.92595,34.5,0.838,NA,2
Finland_1998,Finland,Europe,0.78238,0.82195,36.3,0.846,NA,2
Finland_1999,Finland,Europe,0.77949,0.82006,37.8,0.854,NA,2
Finland_2000,Finland,Europe,0.74986,0.76707,39.9,0.864,NA,2
Finland_2001,Finland,Europe,0.77638,0.82008,40.8,0.871,NA,2
Finland_2002,Finland,Europe,0.75044,0.79122,41.4,0.874,NA,2
Finland_2003,Finland,Europe,0.74698,0.79615,42.2,0.877,NA,2
Finland_2004,Finland,Europe,0.76041,0.80081,43.7,0.904,NA,2
Finland_2005,Finland,Europe,0.76182,0.80582,44.8,0.908,NA,2
Finland_2006,Finland,Europe,0.77581,0.81864,46.4,0.912,44.59294169,2
Finland_2007,Finland,Europe,0.74409,0.77541,48.7,0.915,44.39006127,2
Finland_2008,Finland,Europe,0.77007,0.8109,48.8,0.917,44.08706832,2
Finland_2009,Finland,Europe,0.82883,0.90225,44.7,0.912,47.60378582,2
Finland_2010,Finland,Europe,0.77095,0.81928,45.9,0.916,45.83405741,2
Finland_2011,Finland,Europe,0.82282,0.9035,46.8,0.92,46.67670916,2
Finland_2012,Finland,Europe,0.79133,0.88395,46,0.921,48.90092187,2
Finland_2013,Finland,Europe,0.80181,0.91288,45.3,0.928,47.30906272,2
Finland_2014,Finland,Europe,0.75847,0.86784,45,0.928,48.20441868,2
France_1990,France,Europe,0.90127,0.97074,33.7,0.786,NA,5
France_1991,France,Europe,0.89641,0.96323,33.9,0.796,NA,4
France_1992,France,Europe,0.86307,0.92853,34.3,0.804,NA,4
France_1993,France,Europe,0.85632,0.91938,33.9,0.81,NA,4
France_1994,France,Europe,0.8528,0.91714,34.6,0.825,NA,4
France_1995,France,Europe,0.81869,0.88154,35.2,0.832,NA,4
France_1996,France,Europe,0.83599,0.90768,35.5,0.837,NA,4
France_1997,France,Europe,0.85912,0.93958,36.3,0.841,NA,4
France_1998,France,Europe,0.84125,0.91751,37.4,0.845,NA,4
France_1999,France,Europe,0.83828,0.90945,38.5,0.851,NA,4
France_2000,France,Europe,0.84391,0.91234,39.7,0.849,NA,4
France_2001,France,Europe,0.85194,0.92546,40.2,0.851,NA,4
France_2002,France,Europe,0.84895,0.91952,40.4,0.852,NA,4
France_2003,France,Europe,0.84721,0.91814,40.4,0.855,NA,4
France_2004,France,Europe,0.85524,0.93553,41.3,0.858,NA,4
France_2005,France,Europe,0.8466,0.9311,41.6,0.867,NA,4
France_2006,France,Europe,0.85299,0.94103,42.4,0.871,46.45356597,4
France_2007,France,Europe,0.85277,0.93434,43.1,0.874,47.22884585,4
France_2008,France,Europe,0.85943,0.93406,43,0.875,48.33942309,4
France_2009,France,Europe,0.87836,0.94783,41.5,0.876,45.7927966,4
France_2010,France,Europe,0.89181,0.96315,42.1,0.879,48.8285616,4
France_2011,France,Europe,0.91425,0.97598,42.9,0.882,50.39587105,4
France_2012,France,Europe,0.91636,0.9807,42.8,0.885,49.01504863,4
France_2013,France,Europe,0.91813,0.98871,42.8,0.889,49.90331992,4
France_2014,France,Europe,0.93887,1,43,0.893,49.15098549,4
Germany_1991,Germany,Europe,0.92231,0.97496,38.3,0.816,NA,2
Germany_1992,Germany,Europe,0.91048,0.95694,38.7,0.821,NA,2
Germany_1993,Germany,Europe,0.91664,0.95759,38.1,0.831,NA,2
Germany_1994,Germany,Europe,0.88818,0.93741,38.9,0.837,NA,2
Germany_1995,Germany,Europe,0.88212,0.92221,39.4,0.842,NA,2
Germany_1996,Germany,Europe,0.90698,0.93873,39.6,0.846,NA,2
Germany_1997,Germany,Europe,0.92042,0.9622,40.2,0.851,NA,2
Germany_1998,Germany,Europe,0.90348,0.93979,41,0.86,NA,2
Germany_1999,Germany,Europe,0.86662,0.90511,41.8,0.868,NA,2
Germany_2000,Germany,Europe,0.82066,0.89325,42.9,0.876,NA,2
Germany_2001,Germany,Europe,0.92674,0.96946,43.6,0.884,NA,2
Germany_2002,Germany,Europe,0.94351,0.97933,43.4,0.89,NA,2
Germany_2003,Germany,Europe,0.92659,0.96005,43.1,0.896,NA,2
Germany_2004,Germany,Europe,0.95082,0.98076,43.6,0.907,NA,2
Germany_2005,Germany,Europe,0.94038,0.97683,43.9,0.908,NA,2
Germany_2006,Germany,Europe,0.95496,0.99058,45.7,0.918,NA,2
Germany_2007,Germany,Europe,0.97008,1,47.1,0.921,45.01658586,2
Germany_2008,Germany,Europe,0.97506,1,47.6,0.924,45.62340759,2
Germany_2009,Germany,Europe,0.96079,1,45,0.924,47.90920128,2
Germany_2010,Germany,Europe,0.97148,0.99237,47,0.927,46.80879459,2
Germany_2011,Germany,Europe,1,1,49.8,0.933,46.8023979,2
Germany_2012,Germany,Europe,0.99601,1,49.9,0.934,47.91815756,2
Germany_2013,Germany,Europe,0.98971,0.99852,50,0.935,49.38705872,2
Germany_2014,Germany,Europe,1,1,50.8,0.937,49.99107707,2
Germany_2015,Germany,Europe,0.9914,1,51.2,0.938,50.7113199,2
Greece_1995,Greece,Europe,0.71672,0.78036,24.9,0.776,NA,4
Greece_1996,Greece,Europe,0.7145,0.77606,25.5,0.78,NA,4
Greece_1997,Greece,Europe,0.70561,0.7763,26.5,0.785,NA,4
Greece_1998,Greece,Europe,0.69998,0.77742,27.4,0.795,NA,4
Greece_1999,Greece,Europe,0.70439,0.77279,28.1,0.797,NA,4
Greece_2000,Greece,Europe,0.69513,0.77215,29.1,0.804,NA,4
Greece_2001,Greece,Europe,0.6939,0.78307,30.2,0.814,NA,4
Greece_2002,Greece,Europe,0.69909,0.8031,31.3,0.826,NA,4
Greece_2003,Greece,Europe,0.68847,0.77283,33,0.833,NA,4
Greece_2004,Greece,Europe,0.68927,0.76915,34.6,0.843,NA,4
Greece_2005,Greece,Europe,0.6822,0.77852,34.7,0.853,NA,4
Greece_2006,Greece,Europe,0.67876,0.77625,36.5,0.859,NA,4
Greece_2007,Greece,Europe,0.68259,0.77436,37.6,0.857,42.97984041,4
Greece_2008,Greece,Europe,0.68475,0.77467,37.4,0.865,42.98563807,4
Greece_2009,Greece,Europe,0.70625,0.80758,35.7,0.867,42.59033263,4
Greece_2010,Greece,Europe,0.72821,0.84451,33.7,0.865,43.48009841,4
Greece_2011,Greece,Europe,0.72955,0.85835,30.3,0.862,42.34241541,4
Greece_2012,Greece,Europe,0.73356,0.86108,28.3,0.865,42.14877015,4
Greece_2013,Greece,Europe,0.76134,0.87865,27.8,0.867,41.34455959,4
Greece_2014,Greece,Europe,0.77282,0.88433,28.1,0.875,40.82456666,4
Greece_2015,Greece,Europe,0.78859,0.88929,28.3,0.877,46.06999201,4
Hungary_2004,Hungary,Europe,0.75249,0.79962,23.4,0.799,NA,5
Hungary_2005,Hungary,Europe,0.62798,0.66522,24.4,0.805,NA,5
Hungary_2006,Hungary,Europe,0.70182,0.74208,25.4,0.815,NA,4
Hungary_2007,Hungary,Europe,0.54909,0.68479,25.5,0.818,40.3184642,4
Hungary_2008,Hungary,Europe,0.5568,0.65256,25.8,0.822,38.11543518,4
Hungary_2009,Hungary,Europe,0.84965,0.93321,24.2,0.828,41.11391118,4
Hungary_2010,Hungary,Europe,1,1,24.5,0.831,41.11109611,4
Hungary_2011,Hungary,Europe,0.80536,0.88123,25,0.828,40.89134247,4
Hungary_2012,Hungary,Europe,0.82314,0.92346,24.8,0.831,41.81288482,4
Hungary_2013,Hungary,Europe,0.90496,0.97746,25.3,0.839,42.21356037,4
Hungary_2014,Hungary,Europe,0.79754,0.93583,26.5,0.838,42.58069492,4
Hungary_2015,Hungary,Europe,0.90981,0.9482,27.5,0.842,44.02126767,4
Hungary_2016,Hungary,Europe,0.6079,0.88759,28.2,0.844,43.31716346,4
Iceland_2003,Iceland,Europe,0.73078,0.8614,43.1,0.887,NA,4
Iceland_2004,Iceland,Europe,0.70923,0.82269,46.1,0.891,NA,4
Iceland_2005,Iceland,Europe,0.64366,0.71892,48.1,0.896,NA,2
Iceland_2006,Iceland,Europe,0.60958,0.68369,50,0.899,NA,2
Iceland_2007,Iceland,Europe,0.5633,0.61931,52.8,0.905,NA,2
Iceland_2008,Iceland,Europe,0.67963,0.78424,53,0.899,NA,4
Iceland_2009,Iceland,Europe,0.81167,0.91461,48.8,0.898,NA,4
Iceland_2010,Iceland,Europe,0.80365,0.95047,47.5,0.898,NA,4
Iceland_2011,Iceland,Europe,0.74972,0.88582,48.2,0.907,NA,4
Iceland_2012,Iceland,Europe,0.75012,0.89616,48.4,0.915,NA,4
Iceland_2013,Iceland,Europe,0.81254,1,50.2,0.927,NA,4
Iceland_2014,Iceland,Europe,0.78693,0.99798,50.5,0.931,NA,4
Iceland_2015,Iceland,Europe,0.78629,1,52.1,0.934,NA,4
Iceland_2016,Iceland,Europe,0.89333,1,54.7,0.941,NA,2
Ireland_1990,Ireland,Europe,0.83331,0.90537,26.4,0.773,NA,4
Ireland_1991,Ireland,Europe,0.7616,0.83757,26.8,0.777,NA,4
Ireland_1992,Ireland,Europe,0.81739,0.87401,27.5,0.782,NA,4
Ireland_1993,Ireland,Europe,0.85146,0.94095,28.1,0.791,NA,4
Ireland_1994,Ireland,Europe,0.8472,0.91773,29.6,0.798,NA,4
Ireland_1995,Ireland,Europe,0.83406,0.88739,32.3,0.805,NA,4
Ireland_1996,Ireland,Europe,0.83597,0.87678,34.4,0.811,NA,4
Ireland_1997,Ireland,Europe,0.85201,0.89065,37.8,0.819,NA,4
Ireland_1998,Ireland,Europe,0.79188,0.81425,40.7,0.851,NA,2
Ireland_1999,Ireland,Europe,0.76273,0.78956,44.5,0.859,NA,2
Ireland_2000,Ireland,Europe,0.73144,0.75982,48,0.867,NA,2
Ireland_2001,Ireland,Europe,0.87411,0.88007,49.7,0.873,NA,2
Ireland_2002,Ireland,Europe,0.8003,0.84442,51.8,0.881,NA,2
Ireland_2003,Ireland,Europe,0.82356,0.83559,52.5,0.889,NA,2
Ireland_2004,Ireland,Europe,0.96483,1,55,0.898,NA,2
Ireland_2005,Ireland,Europe,0.76697,0.777,56.9,0.904,NA,2
Ireland_2006,Ireland,Europe,0.83764,0.83764,58.2,0.906,44.82152648,2
Ireland_2007,Ireland,Europe,0.79521,0.86875,59.5,0.909,46.918696,2
Ireland_2008,Ireland,Europe,0.84809,0.84828,55.7,0.911,48.78800255,2
Ireland_2009,Ireland,Europe,0.82509,0.89428,52.3,0.906,49.51281272,2
Ireland_2010,Ireland,Europe,0.88784,0.97375,53,0.901,49.70944669,4
Ireland_2011,Ireland,Europe,0.91412,1,53.3,0.902,50.78617815,4
Ireland_2012,Ireland,Europe,0.8658,1,53,0.908,50.60202509,4
Ireland_2013,Ireland,Europe,0.85987,1,53.4,0.917,48.9578249,4
Israel_1995,Israel,Asia,0.67348,0.76965,26.2,0.832,NA,4
Israel_1996,Israel,Asia,0.67398,0.77974,27.1,0.836,NA,4
Israel_1997,Israel,Asia,0.67201,0.83803,27.5,0.844,NA,4
Israel_1998,Israel,Asia,0.66937,0.83126,28,0.852,NA,4
Israel_1999,Israel,Asia,0.67292,0.77437,28.2,0.859,NA,4
Israel_2000,Israel,Asia,0.65829,0.76161,29.9,0.861,NA,4
Israel_2001,Israel,Asia,0.6857,0.81895,29.3,0.865,NA,4
Israel_2002,Israel,Asia,0.68448,0.8145,28.6,0.873,NA,4
Israel_2003,Israel,Asia,0.70694,0.85139,28.5,0.874,NA,4
Israel_2004,Israel,Asia,0.76073,0.92075,29.3,0.876,NA,4
Israel_2005,Israel,Asia,0.73787,0.89431,30,0.88,NA,4
Israel_2006,Israel,Asia,0.70542,0.83859,31.2,0.88,48.09036197,4
Israel_2007,Israel,Asia,0.74312,0.8856,32.5,0.889,46.9613934,4
Israel_2008,Israel,Asia,0.76151,0.90814,33,0.889,50.25897669,4
Israel_2009,Israel,Asia,0.78223,0.95612,32.6,0.89,52.59424155,4
Israel_2010,Israel,Asia,0.77957,0.95518,33.9,0.895,50.72562633,4
Israel_2011,Israel,Asia,0.77453,0.94509,35.1,0.901,49.18901073,4
Israel_2012,Israel,Asia,0.78204,0.96983,35.4,0.903,46.60305366,4
Israel_2013,Israel,Asia,0.78335,0.97311,36.4,0.905,50.23117278,4
Israel_2014,Israel,Asia,0.80626,0.96584,37.2,0.909,54.94647139,4
Israel_2015,Israel,Asia,0.80084,1,37.3,0.91,48.53490883,4
Italy_1990,Italy,Europe,0.90822,0.93303,36.6,0.776,NA,4
Italy_1991,Italy,Europe,0.89175,0.91634,37.1,0.782,NA,4
Italy_1992,Italy,Europe,0.82764,0.8546,37.4,0.788,NA,4
Italy_1993,Italy,Europe,0.8941,0.9299,37.1,0.793,NA,4
Italy_1994,Italy,Europe,0.89972,0.93823,37.9,0.802,NA,4
Italy_1995,Italy,Europe,0.89881,0.93862,38.9,0.808,NA,4
Italy_1996,Italy,Europe,0.90932,0.95509,39.4,0.814,NA,4
Italy_1997,Italy,Europe,0.90558,0.95661,40.1,0.821,NA,4
Italy_1998,Italy,Europe,0.89036,0.94117,40.8,0.827,NA,4
Italy_1999,Italy,Europe,0.88002,0.93488,41.5,0.832,NA,4
Italy_2000,Italy,Europe,0.88753,0.9436,43.1,0.838,NA,4
Italy_2001,Italy,Europe,0.89805,0.95912,43.9,0.845,NA,4
Italy_2002,Italy,Europe,0.87697,0.94342,43.9,0.85,NA,4
Italy_2003,Italy,Europe,0.84889,0.91719,43.8,0.855,NA,4
Italy_2004,Italy,Europe,0.84412,0.91677,44.1,0.86,NA,4
Italy_2005,Italy,Europe,0.83609,0.90844,44.3,0.865,NA,4
Italy_2006,Italy,Europe,0.82644,0.89613,44.9,0.87,NA,4
Italy_2007,Italy,Europe,0.82635,0.89611,45.4,0.874,45.66885448,4
Italy_2008,Italy,Europe,0.85504,0.94182,44.6,0.876,48.34088863,4
Italy_2009,Italy,Europe,0.85747,0.94475,42.1,0.876,47.45438984,4
Italy_2010,Italy,Europe,0.87242,0.96543,42.7,0.879,46.40002935,4
Italy_2011,Italy,Europe,0.89348,0.99431,42.9,0.883,45.41231387,4
Italy_2012,Italy,Europe,0.90015,0.99715,41.5,0.882,46.41585398,4
Italy_2013,Italy,Europe,0.90068,0.99986,40.3,0.881,48.42445162,4
Italy_2014,Italy,Europe,0.90372,1,39.9,0.882,48.6776684,4
Italy_2015,Italy,Europe,0.89762,0.99376,40.2,0.882,47.31775428,4
Japan_2008,Japan,Asia,0.77396,0.96503,38.8,0.883,46.29341461,4
Japan_2009,Japan,Asia,0.79576,0.99767,36.6,0.882,47.33883978,4
Japan_2010,Japan,Asia,0.79701,1,38.1,0.887,47.60634967,4
Japan_2011,Japan,Asia,0.77423,0.98307,38.1,0.892,48.55175608,4
Japan_2012,Japan,Asia,0.76635,0.98308,38.7,0.897,46.78913529,4
Japan_2013,Japan,Asia,0.79577,1,39.6,0.902,46.87077455,4
Jordan_2008,Jordan,Asia,0.78514,0.8947,11.7,0.745,46.89296734,5
Jordan_2009,Jordan,Asia,0.81641,0.96112,11.7,0.743,54.7213551,5
Jordan_2010,Jordan,Asia,0.8565,0.97655,11.3,0.737,52.7815426,5
Kazakhstan_2000,Kazakhstan,Asia,0.81938,0.81943,10.3,0.685,NA,5
Kazakhstan_2001,Kazakhstan,Asia,0.78764,0.78766,11.7,0.7,NA,5
Kazakhstan_2002,Kazakhstan,Asia,0.83632,0.83633,12.8,0.714,NA,5
Kazakhstan_2003,Kazakhstan,Asia,0.88368,0.8837,14,0.726,NA,5
Kazakhstan_2004,Kazakhstan,Asia,0.89363,0.89816,15.2,0.737,NA,5
Kazakhstan_2005,Kazakhstan,Asia,1,1,16.5,0.747,NA,5
Kazakhstan_2006,Kazakhstan,Asia,1,1,18.1,0.754,33.04892621,5
Kazakhstan_2007,Kazakhstan,Asia,0.98566,0.98566,19.5,0.758,32.73526059,5
Kazakhstan_2008,Kazakhstan,Asia,1,1,19.8,0.758,32.89760038,5
Kazakhstan_2009,Kazakhstan,Asia,0.92279,0.93549,19.6,0.762,31.54887196,5
Kazakhstan_2010,Kazakhstan,Asia,0.99691,1,20.8,0.764,32.73506135,5
Kazakhstan_2011,Kazakhstan,Asia,0.97486,0.98803,22,0.772,30.83196769,2
Kazakhstan_2012,Kazakhstan,Asia,0.96228,0.97525,22.7,0.782,34.68310661,2
Kazakhstan_2013,Kazakhstan,Asia,0.98757,1,23.7,0.791,32.97416718,2
Kazakhstan_2014,Kazakhstan,Asia,0.98453,1,24.4,0.798,35.95344115,2
Kazakhstan_2015,Kazakhstan,Asia,0.9192,0.96858,24.3,0.806,35.56350402,2
Kyrgyzstan_2000,Kyrgyzstan,Asia,0.99568,0.99569,3.08,0.62,NA,5
Kyrgyzstan_2001,Kyrgyzstan,Asia,1,1,3.21,0.628,NA,5
Kyrgyzstan_2002,Kyrgyzstan,Asia,0.98693,0.98727,3.18,0.63,NA,5
Kyrgyzstan_2003,Kyrgyzstan,Asia,0.96492,0.9657,3.37,0.637,NA,5
Kyrgyzstan_2004,Kyrgyzstan,Asia,0.8794,0.8809,3.56,0.64,NA,5
Kyrgyzstan_2005,Kyrgyzstan,Asia,0.96684,0.96684,3.52,0.642,NA,5
Kyrgyzstan_2006,Kyrgyzstan,Asia,0.91003,0.91233,3.59,0.647,45.52971736,5
Kyrgyzstan_2007,Kyrgyzstan,Asia,0.91483,0.91841,3.86,0.654,45.08029723,5
Kyrgyzstan_2008,Kyrgyzstan,Asia,0.88325,0.88791,4.14,0.656,45.09527585,5
Kyrgyzstan_2009,Kyrgyzstan,Asia,0.93408,0.93659,4.21,0.661,47.36463989,5
Kyrgyzstan_2010,Kyrgyzstan,Asia,0.86935,0.87098,4.14,0.662,47.21619357,5
Kyrgyzstan_2011,Kyrgyzstan,Asia,0.84854,0.85017,4.34,0.664,46.55925389,5
Kyrgyzstan_2012,Kyrgyzstan,Asia,0.90766,0.91102,4.26,0.674,47.57703566,5
Kyrgyzstan_2013,Kyrgyzstan,Asia,0.86078,0.87221,4.63,0.68,49.10395033,5
Kyrgyzstan_2014,Kyrgyzstan,Asia,0.92235,0.97322,4.72,0.686,48.79378844,5
Kyrgyzstan_2015,Kyrgyzstan,Asia,0.76758,0.78292,4.81,0.69,46.26285961,5
Latvia_2004,Latvia,Europe,0.9803,0.98031,18.2,0.795,NA,5
Latvia_2005,Latvia,Europe,1,1,20.3,0.809,NA,5
Latvia_2006,Latvia,Europe,1,1,23,0.816,30.97373015,5
Latvia_2007,Latvia,Europe,1,1,25.5,0.825,29.29736653,5
Latvia_2008,Latvia,Europe,0.94603,0.94604,24.9,0.828,36.02830237,5
Latvia_2009,Latvia,Europe,0.95912,0.96653,21.7,0.826,34.56258642,5
Latvia_2010,Latvia,Europe,0.91055,0.95543,21.2,0.824,35.74551378,5
Latvia_2011,Latvia,Europe,0.89144,0.93583,22.1,0.829,34.84015373,5
Latvia_2012,Latvia,Europe,0.91501,0.94409,24,0.832,35.56833982,5
Latvia_2013,Latvia,Europe,0.93055,0.96996,24.7,0.839,34.64812349,5
Latvia_2014,Latvia,Europe,0.94466,1,25.4,0.845,36.79948262,5
Latvia_2015,Latvia,Europe,0.94047,0.97795,26.6,0.849,36.31080676,2
Lithuania_2004,Lithuania,Europe,0.90378,0.90378,19.2,0.805,NA,5
Lithuania_2005,Lithuania,Europe,0.89708,0.89957,21.1,0.817,NA,5
Lithuania_2006,Lithuania,Europe,0.87769,0.87952,23,0.826,40.55756034,5
Lithuania_2007,Lithuania,Europe,0.88586,0.88962,25.8,0.833,38.75950686,5
Lithuania_2008,Lithuania,Europe,0.93625,0.94049,26.8,0.838,37.54437925,5
Lithuania_2009,Lithuania,Europe,0.91744,0.92122,23.1,0.828,39.1220955,5
Lithuania_2010,Lithuania,Europe,0.84393,0.84598,23.9,0.831,35.7830111,5
Lithuania_2011,Lithuania,Europe,0.82744,0.82745,26,0.838,37.19639183,5
Lithuania_2012,Lithuania,Europe,0.84617,0.84617,27.3,0.841,38.62829304,5
Lithuania_2013,Lithuania,Europe,0.86321,0.86321,28.6,0.847,38.82579775,2
Lithuania_2014,Lithuania,Europe,0.94737,0.97386,29.9,0.859,39.85089963,2
Lithuania_2015,Lithuania,Europe,0.91876,0.9448,30.7,0.862,37.75359151,2
Lithuania_2016,Lithuania,Europe,0.91514,0.93761,31.9,0.867,38.76692009,2
Luxembourg_2002,Luxembourg,Europe,0.98001,0.98653,103,0.869,NA,3
Luxembourg_2003,Luxembourg,Europe,1,1,105,0.873,NA,3
Luxembourg_2004,Luxembourg,Europe,0.97943,1,108,0.876,NA,3
Luxembourg_2005,Luxembourg,Europe,1,1,109,0.88,NA,3
Luxembourg_2006,Luxembourg,Europe,0.97096,0.9789,113,0.884,NA,3
Luxembourg_2007,Luxembourg,Europe,1,1,121,0.888,NA,3
Luxembourg_2008,Luxembourg,Europe,0.87646,0.9912,118,0.89,NA,3
Luxembourg_2009,Luxembourg,Europe,0.88106,1,112,0.893,27.64663313,3
Luxembourg_2010,Luxembourg,Europe,0.81164,1,114,0.898,25.94504239,3
Luxembourg_2011,Luxembourg,Europe,0.82976,0.93374,113,0.899,26.59692463,3
Luxembourg_2012,Luxembourg,Europe,0.818,1,112,0.9,27.95102145,3
Luxembourg_2013,Luxembourg,Europe,0.84649,1,113,0.9,29.37193621,3
Luxembourg_2014,Luxembourg,Europe,0.9007,1,113,0.903,29.78092102,3
Luxembourg_2015,Luxembourg,Europe,0.95838,1,113,0.906,29.01207818,3
Malaysia_2007,Malaysia,Asia,0.75498,0.83742,19.5,0.75,45.6625597,5
Malaysia_2008,Malaysia,Asia,0.76514,0.86836,20.1,0.761,42.67154623,5
Malaysia_2009,Malaysia,Asia,0.75998,0.8786,19.4,0.765,43.13406449,5
Malaysia_2010,Malaysia,Asia,0.723,0.84221,20.5,0.772,43.34144094,5
Malaysia_2011,Malaysia,Asia,0.71659,0.83733,21.3,0.778,44.54936605,5
Malaysia_2012,Malaysia,Asia,0.72742,0.83532,22.1,0.781,45.05617904,5
Malaysia_2013,Malaysia,Asia,0.71542,0.84266,22.9,0.785,43.33374479,4
Malaysia_2014,Malaysia,Asia,0.71887,0.85032,23.9,0.791,44.09693314,4
Malta_2006,Malta,Europe,0.40036,0.6968,29.6,0.832,NA,1
Malta_2007,Malta,Europe,0.40656,0.65719,30.9,0.837,NA,1
Malta_2008,Malta,Europe,0.4108,0.64845,31.9,0.839,NA,1
Malta_2009,Malta,Europe,0.70015,0.78023,31.3,0.84,43.74276284,4
Malta_2010,Malta,Europe,0.47765,0.78161,32.9,0.853,41.49180131,4
Malta_2011,Malta,Europe,0.4772,0.82065,32.9,0.853,44.77389588,4
Malta_2012,Malta,Europe,0.60521,0.81449,33.9,0.86,43.39711246,4
Malta_2013,Malta,Europe,0.82031,0.91164,35.3,0.867,47.47692505,4
Malta_2014,Malta,Europe,0.86305,0.95758,37.2,0.874,47.07462229,4
Malta_2015,Malta,Europe,0.80539,1,39.8,0.88,47.88916061,4
Mexico_1990,Mexico,Americas,0.86254,0.86267,14.9,0.656,NA,5
Mexico_1991,Mexico,Americas,0.88015,0.88027,15.3,0.66,NA,5
Mexico_1992,Mexico,Americas,0.91562,0.91575,15.6,0.664,NA,5
Mexico_1993,Mexico,Americas,0.92981,0.92994,15.6,0.668,NA,5
Mexico_1994,Mexico,Americas,0.88177,0.88184,16.1,0.675,NA,5
Mexico_1995,Mexico,Americas,0.87262,0.87268,14.8,0.677,NA,5
Moldova_1997,Moldova,Europe,0.98653,0.98657,5.48,0.637,NA,5
Moldova_1998,Moldova,Europe,0.97709,0.97709,5.12,0.637,NA,5
Moldova_1999,Moldova,Europe,1,1,4.96,0.64,NA,5
Moldova_2000,Moldova,Europe,1,1,5.07,0.643,NA,5
Moldova_2001,Moldova,Europe,1,1,5.4,0.651,NA,5
Moldova_2002,Moldova,Europe,0.99703,0.99946,5.83,0.663,NA,5
Moldova_2003,Moldova,Europe,1,1,6.23,0.673,NA,5
Moldova_2004,Moldova,Europe,1,1,6.71,0.684,NA,5
Moldova_2005,Moldova,Europe,0.94955,0.94956,7.23,0.692,NA,5
Moldova_2006,Moldova,Europe,0.98961,0.98962,7.6,0.699,45.5768351,5
Moldova_2007,Moldova,Europe,1,1,7.85,0.704,44.6005938,5
Moldova_2008,Moldova,Europe,1,1,8.47,0.71,46.86922399,5
Moldova_2009,Moldova,Europe,1,1,7.98,0.706,50.75684801,5
Moldova_2010,Moldova,Europe,0.97711,0.97711,8.55,0.713,50.12640516,5
Moldova_2011,Moldova,Europe,1,1,9.05,0.719,52.0533336,5
Moldova_2012,Moldova,Europe,1,1,9,0.726,54.18247336,5
Moldova_2013,Moldova,Europe,1,1,9.82,0.735,52.23396355,5
Moldova_2014,Moldova,Europe,1,1,10.3,0.737,53.4184595,5
Moldova_2015,Moldova,Europe,0.99999,1,10.4,0.736,55.76270768,5
Moldova_2016,Moldova,Europe,1,1,10.9,0.738,51.55072489,5
Mongolia_2016,Mongolia,Asia,1,1,11,0.729,26.68082725,5
North Macedonia_2009,North Macedonia,Europe,0.87945,0.98553,13.1,0.739,38.00918871,5
North Macedonia_2010,North Macedonia,Europe,0.87892,0.93859,13.5,0.743,37.5320238,5
North Macedonia_2011,North Macedonia,Europe,0.83721,0.9278,13.8,0.747,40.96014975,5
North Macedonia_2012,North Macedonia,Europe,0.83048,0.90694,13.7,0.748,39.66909806,5
North Macedonia_2013,North Macedonia,Europe,0.83898,0.95434,14.1,0.751,44.7590922,5
Norway_1990,Norway,Europe,0.99627,1,42.1,0.849,NA,2
Norway_1991,Norway,Europe,0.98858,1,43.2,0.854,NA,2
Norway_1992,Norway,Europe,0.96273,1,44.5,0.861,NA,2
Norway_1993,Norway,Europe,0.93025,0.96343,45.5,0.869,NA,2
Norway_1994,Norway,Europe,0.92099,0.94324,47.5,0.883,NA,2
Norway_1995,Norway,Europe,0.92793,0.93608,49.3,0.881,NA,2
Norway_1996,Norway,Europe,0.92427,0.93401,51.5,0.887,NA,2
Norway_1997,Norway,Europe,0.93408,0.96203,53.9,0.893,NA,2
Norway_1998,Norway,Europe,0.90426,0.97087,55,0.904,NA,2
Norway_1999,Norway,Europe,0.92964,0.99747,55.7,0.909,NA,2
Norway_2000,Norway,Europe,0.93749,1,57.1,0.915,NA,2
Norway_2001,Norway,Europe,0.97913,1,58,0.914,NA,2
Norway_2002,Norway,Europe,0.96965,0.99814,58.5,0.917,NA,2
Norway_2003,Norway,Europe,0.9595,0.98393,58.7,0.923,NA,2
Norway_2004,Norway,Europe,0.93432,0.9454,60.7,0.932,NA,2
Norway_2005,Norway,Europe,0.92793,0.96489,61.9,0.931,NA,2
Norway_2006,Norway,Europe,0.98827,1,62.8,0.934,46.7034987,2
Norway_2007,Norway,Europe,0.97322,1,64.1,0.936,45.43732684,2
Norway_2008,Norway,Europe,0.93966,0.9867,63.6,0.937,45.88407427,2
Norway_2009,Norway,Europe,0.93994,1,61.7,0.937,48.9679754,2
Norway_2010,Norway,Europe,0.90807,1,61.4,0.94,46.52768177,2
Norway_2011,Norway,Europe,0.9372,1,61.2,0.942,49.02817741,2
Norway_2012,Norway,Europe,0.89399,1,62,0.941,49.91529734,2
Norway_2013,Norway,Europe,0.93026,1,61.9,0.944,48.94937498,2
Norway_2014,Norway,Europe,0.92905,1,62.4,0.944,48.6089607,2
Norway_2015,Norway,Europe,0.91529,1,63,0.947,50.67855619,2
Poland_2004,Poland,Europe,0.76178,0.83532,18.3,0.807,NA,5
Poland_2005,Poland,Europe,0.76535,0.84156,18.9,0.813,NA,5
Poland_2006,Poland,Europe,0.74833,0.82049,20.1,0.819,NA,2
Poland_2007,Poland,Europe,0.75735,0.82453,21.5,0.824,41.62402993,2
Poland_2008,Poland,Europe,0.7795,0.85154,22.4,0.829,41.68961774,2
Poland_2009,Poland,Europe,0.79192,0.86942,23.1,0.834,42.30492684,2
Poland_2010,Poland,Europe,0.77715,0.85668,24,0.84,42.27951743,2
Poland_2011,Poland,Europe,0.77298,0.83396,25.1,0.845,41.33808456,2
Poland_2012,Poland,Europe,0.76803,0.8627,25.5,0.842,43.81430297,2
Poland_2013,Poland,Europe,0.78929,0.8637,25.8,0.856,43.92657613,2
Poland_2014,Poland,Europe,0.76691,0.85403,26.6,0.858,43.82280871,2
Poland_2015,Poland,Europe,0.77535,0.86974,27.8,0.863,46.22308935,2
Portugal_2003,Portugal,Europe,0.7496,0.77746,30.4,0.805,NA,4
Portugal_2004,Portugal,Europe,0.78728,0.82545,30.9,0.809,NA,4
Portugal_2005,Portugal,Europe,0.78116,0.83698,31.1,0.813,NA,4
Portugal_2006,Portugal,Europe,0.76381,0.81312,31.5,0.811,42.20819008,4
Portugal_2007,Portugal,Europe,0.81119,0.865,32.3,0.814,43.20115217,4
Portugal_2008,Portugal,Europe,0.81907,0.8687,32.3,0.817,44.82936701,4
Portugal_2009,Portugal,Europe,0.84053,0.90593,31.3,0.823,43.61702095,4
Portugal_2010,Portugal,Europe,0.84447,0.90209,31.8,0.829,41.4679506,4
Portugal_2011,Portugal,Europe,0.85249,0.92501,31.3,0.833,44.06123755,4
Portugal_2012,Portugal,Europe,0.80929,0.89354,30.2,0.836,43.95476687,4
Portugal_2013,Portugal,Europe,0.8369,0.92935,30,0.84,45.43878599,4
Portugal_2014,Portugal,Europe,0.85586,0.95282,30.4,0.847,45.19988695,4
Romania_2006,Romania,Europe,0.87337,0.93219,18.2,0.774,NA,5
Romania_2007,Romania,Europe,0.90911,0.96294,19.8,0.788,44.68704846,5
Romania_2008,Romania,Europe,0.90206,0.942,22,0.803,43.33098155,5
Romania_2009,Romania,Europe,0.89361,0.94861,21,0.806,45.90643314,5
Romania_2010,Romania,Europe,0.87143,0.91479,20.3,0.805,43.24013303,5
Romania_2011,Romania,Europe,0.85986,0.91414,20.8,0.806,42.9666988,5
Romania_2012,Romania,Europe,0.85304,0.89682,21.3,0.803,45.30463355,5
Romania_2013,Romania,Europe,0.87029,0.91432,22.2,0.808,45.44009752,5
Romania_2014,Romania,Europe,0.86482,0.90868,23.1,0.811,49.60946631,5
Romania_2015,Romania,Europe,0.86167,0.91553,23.9,0.815,48.85549262,5
Romania_2016,Romania,Europe,0.85713,0.90609,25.1,0.82,49.55906318,5
Russia_1997,Russia,Europe,0.8302,0.83027,13,0.705,NA,5
Russia_1998,Russia,Europe,0.85654,0.85662,12.4,0.705,NA,5
Serbia_2012,Serbia,Europe,0.79245,0.83037,14.9,0.775,44.60895121,5
Serbia_2013,Serbia,Europe,0.77371,0.79567,15.4,0.778,43.9231078,5
Serbia_2014,Serbia,Europe,0.8052,0.82454,15.2,0.784,44.87933393,5
Serbia_2015,Serbia,Europe,0.76262,0.78793,15.6,0.789,46.18605787,5
Slovakia_2006,Slovakia,Europe,0.72345,0.80617,21.8,0.805,38.92892821,2
Slovakia_2007,Slovakia,Europe,0.74821,0.85644,24.1,0.816,37.88222539,2
Slovakia_2008,Slovakia,Europe,0.75513,0.84425,25.5,0.823,38.00147322,2
Slovakia_2009,Slovakia,Europe,0.77238,0.84275,24,0.825,42.37410523,2
Slovakia_2010,Slovakia,Europe,0.75827,0.82031,25.5,0.831,43.47464175,2
Slovakia_2011,Slovakia,Europe,0.74222,0.80643,26.2,0.838,42.15838315,2
Slovakia_2012,Slovakia,Europe,0.7845,0.83173,26.5,0.843,44.47779815,2
Slovakia_2013,Slovakia,Europe,0.7879,0.8191,26.6,0.845,43.96310545,2
Slovakia_2014,Slovakia,Europe,0.82058,0.8734,27.3,0.847,45.31613977,2
Slovenia_2004,Slovenia,Europe,0.8983,0.96234,30,0.864,NA,2
Slovenia_2005,Slovenia,Europe,0.89848,0.97825,31.1,0.869,NA,2
Slovenia_2006,Slovenia,Europe,0.90302,1,32.8,0.876,39.99413913,2
Slovenia_2007,Slovenia,Europe,0.87519,0.95435,34.9,0.88,39.58689112,2
Slovenia_2008,Slovenia,Europe,0.90869,1,36.1,0.886,40.11970985,2
Slovenia_2009,Slovenia,Europe,0.90695,1,33.1,0.885,43.19515453,2
Slovenia_2010,Slovenia,Europe,0.88387,1,33.4,0.889,43.97230959,2
Slovenia_2011,Slovenia,Europe,0.85296,0.99108,33.6,0.891,43.84567354,2
Slovenia_2012,Slovenia,Europe,0.84209,0.98607,32.6,0.884,45.61701713,2
Slovenia_2013,Slovenia,Europe,0.7995,0.97624,32.2,0.893,45.80257406,2
Slovenia_2014,Slovenia,Europe,0.82047,1,33.1,0.894,44.10026727,4
Slovenia_2015,Slovenia,Europe,0.81522,1,33.8,0.894,43.36917874,4
South Africa_2008,South Africa,Africa,0.84032,0.84034,13.8,0.646,29.82669651,5
South Korea_2006,South Korea,Asia,0.86425,0.91573,30,0.868,38.12709725,2
South Korea_2007,South Korea,Asia,0.85941,0.90962,31.6,0.875,40.12371658,2
South Korea_2008,South Korea,Asia,0.8649,0.91531,32.3,0.88,38.47842608,2
South Korea_2009,South Korea,Asia,0.86452,0.93861000000000006,32.4,0.877,40.89480118,2
South Korea_2010,South Korea,Asia,0.87111,0.933,34.4,0.889,42.02207695,2
South Korea_2011,South Korea,Asia,0.86797,0.93907,35.4,0.895,46.29525315,2
South Korea_2012,South Korea,Asia,0.86283,0.93427,36,0.898,41.81140804,2
South Korea_2013,South Korea,Asia,0.85765,0.93756,37,0.901,41.96072971,2
South Korea_2014,South Korea,Asia,0.86183,0.95464,38,0.904,41.48403146,2
South Korea_2015,South Korea,Asia,0.85888,0.96041,38.8,0.907,41.0529808,2
Spain_1990,Spain,Europe,0.85917,0.93674,27.5,0.761,NA,5
Spain_1991,Spain,Europe,0.85164,0.93108,28.2,0.77,NA,5
Spain_1992,Spain,Europe,0.84137,0.92023,28.3,0.779,NA,5
Spain_1993,Spain,Europe,0.85242,0.93144,27.9,0.789,NA,5
Spain_1994,Spain,Europe,0.83373,0.92164,28.4,0.798,NA,4
Spain_1995,Spain,Europe,0.81241,0.901,29,0.807,NA,4
Spain_1996,Spain,Europe,0.82394,0.90592,29.7,0.813,NA,4
Spain_1997,Spain,Europe,0.82262,0.91674,30.7,0.817,NA,4
Spain_1998,Spain,Europe,0.79095,0.88068,31.9,0.821,NA,4
Spain_1999,Spain,Europe,0.78102,0.86787,33.2,0.826,NA,4
Spain_2000,Spain,Europe,0.75585,0.83279,34.8,0.832,NA,4
Spain_2001,Spain,Europe,0.7819,0.85873,35.9,0.835,NA,4
Spain_2002,Spain,Europe,0.77663,0.84676,36.3,0.837,NA,4
Spain_2003,Spain,Europe,0.79134,0.84911,36.8,0.84,NA,4
Spain_2004,Spain,Europe,0.79783,0.85064,37.3,0.844,NA,4
Spain_2005,Spain,Europe,0.79891,0.8507,38,0.851,NA,4
Spain_2006,Spain,Europe,0.80584,0.85382,38.9,0.856,NA,4
Spain_2007,Spain,Europe,0.79742,0.84507,39.5,0.86,47.0891358,2
Spain_2008,Spain,Europe,0.80588,0.86585,39.2,0.863,50.35498086,4
Spain_2009,Spain,Europe,0.83925,0.95109,37.4,0.865,47.93693843,4
Spain_2010,Spain,Europe,0.8369,0.93822,37.3,0.872,48.94516771,4
Spain_2011,Spain,Europe,0.84626,0.96141,36.9,0.878,52.10213559,4
Spain_2012,Spain,Europe,0.85221,0.95881,35.8,0.881,52.93268071,4
Spain_2013,Spain,Europe,0.85906,0.97841,35.4,0.882,51.39150288,4
Spain_2014,Spain,Europe,0.86859,0.99643,36,0.888,54.40999956,4
Spain_2015,Spain,Europe,0.86016,0.96471,37.4,0.895,52.84710679,4
Sweden_1990,Sweden,Europe,0.91399,1,34.2,0.821,NA,2
Sweden_1991,Sweden,Europe,0.88473,0.96463,33.5,0.823,NA,2
Sweden_1992,Sweden,Europe,0.87611000000000006,0.98056,33,0.826,NA,2
Sweden_1993,Sweden,Europe,0.876,0.99038,32.1,0.846,NA,4
Sweden_1994,Sweden,Europe,0.90092,1,33.1,0.855,NA,4
Sweden_1995,Sweden,Europe,0.82226,0.92108,34.2,0.862,NA,4
Sweden_1996,Sweden,Europe,0.84129,0.94794,34.7,0.869,NA,4
Sweden_1997,Sweden,Europe,0.84911,0.94451,35.8,0.88,NA,4
Sweden_1998,Sweden,Europe,0.80306,0.88002,37.3,0.894,NA,4
Sweden_1999,Sweden,Europe,0.72526,0.84548,38.8,0.899,NA,4
Sweden_2000,Sweden,Europe,0.83887,0.90461,40.6,0.903,NA,4
Sweden_2001,Sweden,Europe,0.81759,0.88908,41.1,0.905,NA,2
Sweden_2002,Sweden,Europe,0.81859,0.89014,41.9,0.908,NA,2
Sweden_2003,Sweden,Europe,0.86018,0.94783,42.7,0.913,NA,2
Sweden_2004,Sweden,Europe,0.84633,0.92785,44.4,0.901,NA,2
Sweden_2005,Sweden,Europe,0.82472,0.88226,45.4,0.904,NA,2
Sweden_2006,Sweden,Europe,0.86006,0.96051,47.3,0.908,NA,2
Sweden_2007,Sweden,Europe,0.81593,0.89172,48.6,0.91,44.75065215,2
Sweden_2008,Sweden,Europe,0.82611,0.87037,48,0.907,48.86047852,2
Sweden_2009,Sweden,Europe,0.90276,1,45.5,0.905,50.97745217,2
Sweden_2010,Sweden,Europe,0.90005,0.95443,47.8,0.911,46.98258404,2
Sweden_2011,Sweden,Europe,0.91139,0.94992,48.9,0.912,46.7263718,2
Sweden_2012,Sweden,Europe,0.93109,1,48.3,0.914,48.88225172,2
Sweden_2013,Sweden,Europe,0.94735,0.96572,48.5,0.933,48.94512562,2
Sweden_2014,Sweden,Europe,0.98303,1,49.3,0.935,46.50809728,2
Sweden_2015,Sweden,Europe,0.94628,1,50.9,0.938,48.15009952,2
Switzerland_1990,Switzerland,Europe,1,1,56.3,0.84,NA,2
Switzerland_1991,Switzerland,Europe,0.99871,1,55.1,0.842,NA,2
Switzerland_1992,Switzerland,Europe,1,1,54.5,0.845,NA,2
Switzerland_1993,Switzerland,Europe,1,1,53.9,0.849,NA,2
Switzerland_1994,Switzerland,Europe,0.98261,0.99256,54.2,0.852,NA,2
Switzerland_1995,Switzerland,Europe,0.96936,1,54.1,0.856,NA,2
Switzerland_1996,Switzerland,Europe,0.98344,1,54.1,0.863,NA,2
Switzerland_1997,Switzerland,Europe,1,1,55.2,0.872,NA,2
Switzerland_1998,Switzerland,Europe,0.99861,1,56.7,0.882,NA,2
Switzerland_1999,Switzerland,Europe,0.99634,1,57.4,0.889,NA,2
Switzerland_2000,Switzerland,Europe,0.96925,0.97987,59.4,0.898,NA,2
Switzerland_2001,Switzerland,Europe,0.94559,0.95156,59.9,0.9,NA,2
Switzerland_2002,Switzerland,Europe,0.946,0.94826,59.5,0.899,NA,2
Switzerland_2003,Switzerland,Europe,0.91909,0.93352,59,0.905,NA,2
Switzerland_2004,Switzerland,Europe,0.92757,0.93052,60.3,0.909,NA,2
Switzerland_2005,Switzerland,Europe,0.92475,0.92605,61.6,0.914,NA,2
Switzerland_2006,Switzerland,Europe,0.88718,0.89031,63.7,0.92,50.93119128,2
Switzerland_2007,Switzerland,Europe,0.91543,0.91735,65.6,0.923,NA,2
Switzerland_2008,Switzerland,Europe,0.96817,0.98223,66.6,0.925,NA,2
Switzerland_2009,Switzerland,Europe,0.98445,1,64.4,0.935,52.4099266,2
Switzerland_2010,Switzerland,Europe,0.99512,1,65.8,0.941,NA,2
Switzerland_2011,Switzerland,Europe,1,1,66.3,0.941,NA,2
Switzerland_2012,Switzerland,Europe,1,1,66.4,0.944,55.344236,2
Switzerland_2013,Switzerland,Europe,1,1,66.9,0.946,54.62441171,2
Thailand_1994,Thailand,Asia,1,1,9.36,0.607,NA,5
Thailand_1995,Thailand,Asia,0.99746,0.99746,10,0.614,NA,5
Thailand_1996,Thailand,Asia,1,1,10.5,0.622,NA,5
Thailand_1997,Thailand,Asia,0.9981,1,10.1,0.628,NA,5
Thailand_1998,Thailand,Asia,0.92695,0.94099,9.18,0.633,NA,5
Thailand_1999,Thailand,Asia,0.89585,0.89864,9.49,0.643,NA,5
Thailand_2000,Thailand,Asia,0.91183,0.91633,9.81,0.652,NA,5
Thailand_2001,Thailand,Asia,0.88688,0.89035,10.1,0.66,NA,5
Thailand_2002,Thailand,Asia,0.88162,0.88384,10.6,0.669,NA,5
Thailand_2003,Thailand,Asia,0.88074,0.88113,11.3,0.677,NA,5
Thailand_2004,Thailand,Asia,0.88665,0.8894,11.9,0.686,NA,5
Thailand_2005,Thailand,Asia,0.88603,0.88738,12.3,0.696,NA,5
Thailand_2006,Thailand,Asia,0.89466,0.89744,12.8,0.697,51.34278057,5
Thailand_2007,Thailand,Asia,0.91582,0.92316,13.5,0.714,50.86990213,5
Thailand_2008,Thailand,Asia,0.92625,0.93608,13.6,0.718,50.17161946,5
Thailand_2009,Thailand,Asia,0.92153,0.95823,13.5,0.722,50.00791569,5
Thailand_2010,Thailand,Asia,0.88687,0.91873,14.4,0.724,54.18028456,5
Thailand_2011,Thailand,Asia,0.93222,0.97115,14.4,0.733,57.0942297,5
Thailand_2012,Thailand,Asia,0.89186,0.93039,15.4,0.737,53.3909215,5
Thailand_2013,Thailand,Asia,0.88322,0.93484,15.8,0.734,53.78269341,5
Thailand_2014,Thailand,Asia,0.91356,0.97021,15.9,0.742,60.30175209,5
Thailand_2015,Thailand,Asia,0.89788,0.96898,16.3,0.749,54.87633155,5
Thailand_2016,Thailand,Asia,0.91468,0.97154,16.8,0.756,53.9310042,5
Trinidad and Tobago_1990,Trinidad and Tobago,Americas,0.85109,0.8569,10.1,0.668,NA,5
Trinidad and Tobago_1991,Trinidad and Tobago,Americas,0.73925,0.7446,10.3,0.67,NA,5
Trinidad and Tobago_1992,Trinidad and Tobago,Americas,0.85883,0.86107,11.3,0.67,NA,5
Tunisia_2009,Tunisia,Africa,0.9209,1,10.5,0.709,49.06907987,5
Turkey_2009,Turkey,Asia,0.8554,0.94427,18.7,0.72,44.56455341,5
Turkey_2010,Turkey,Asia,0.84829,0.92329,20,0.739,45.53276685,5
Turkey_2011,Turkey,Asia,0.84586,0.92159,21.9,0.753,43.59237846,5
Turkey_2012,Turkey,Asia,0.86435,0.93939,22.6,0.765,44.13413565,5
Turkey_2013,Turkey,Asia,0.87327,0.93158,24.1,0.785,42.30340633,5
Turkey_2014,Turkey,Asia,0.88607,0.94906,24.9,0.796,46.87020145,5
Turkey_2015,Turkey,Asia,0.88518,0.95221,26,0.801,46.16614895,5
Ukraine_1995,Ukraine,Europe,0.87516,0.87519,7.91,0.686,NA,5
Ukraine_1996,Ukraine,Europe,0.9147,0.91474,7.18,0.684,NA,5
Ukraine_1997,Ukraine,Europe,0.8903,0.89033,7.03,0.686,NA,5
Ukraine_1998,Ukraine,Europe,0.85981,0.85984,6.96,0.688,NA,5
Ukraine_1999,Ukraine,Europe,0.87209,0.87212,7.01,0.69,NA,5
Ukraine_2000,Ukraine,Europe,0.85636,0.8564,7.5,0.694,NA,5
Ukraine_2001,Ukraine,Europe,0.8438,0.84382,8.24,0.708,NA,5
Ukraine_2002,Ukraine,Europe,0.878,0.87802,8.77,0.717,NA,5
Ukraine_2003,Ukraine,Europe,0.90368,0.90369,9.68,0.725,NA,5
Ukraine_2004,Ukraine,Europe,0.90586,0.90587,10.9,0.732,NA,5
United Kingdom_1990,United Kingdom,Europe,0.84393,0.94505,31.2,0.781,NA,2
United Kingdom_1991,United Kingdom,Europe,0.85412,0.9543,30.8,0.794,NA,2
United Kingdom_1992,United Kingdom,Europe,0.84292,0.92954,30.8,0.807,NA,2
United Kingdom_1993,United Kingdom,Europe,0.83655,0.89822,31.5,0.82,NA,2
United Kingdom_1994,United Kingdom,Europe,0.82079,0.89076,32.6,0.833,NA,2
United Kingdom_1995,United Kingdom,Europe,0.80571,0.87358,33.4,0.846,NA,2
United Kingdom_1996,United Kingdom,Europe,0.8123,0.88219,34.1,0.851,NA,2
United Kingdom_1997,United Kingdom,Europe,0.79299,0.87682,35.7,0.856,NA,2
United Kingdom_1998,United Kingdom,Europe,0.76339,0.83985,36.7,0.862,NA,2
United Kingdom_1999,United Kingdom,Europe,0.75337,0.8227,37.7,0.868,NA,2
United Kingdom_2000,United Kingdom,Europe,0.74301,0.81834,38.9,0.874,NA,2
United Kingdom_2001,United Kingdom,Europe,0.8168,0.91523,39.6,0.878,NA,2
United Kingdom_2002,United Kingdom,Europe,0.8051,0.89514,40.2,0.881,NA,2
United Kingdom_2003,United Kingdom,Europe,0.83354,0.92134,41.3,0.885,NA,2
United Kingdom_2004,United Kingdom,Europe,0.80292,0.88206,42,0.892,NA,2
United Kingdom_2005,United Kingdom,Europe,0.75235,0.82978,42.8,0.897,NA,2
United Kingdom_2006,United Kingdom,Europe,0.76906,0.83992,43.6,0.896,NA,2
United Kingdom_2007,United Kingdom,Europe,0.7824,0.85502,44.2,0.899,44.15405772,2
United Kingdom_2008,United Kingdom,Europe,0.79519,0.87706,43.8,0.903,46.28210945,2
United Kingdom_2009,United Kingdom,Europe,0.89472,1,41.6,0.906,46.13577902,2
United Kingdom_2010,United Kingdom,Europe,0.87218,1,42.1,0.912,49.03602917,4
United Kingdom_2011,United Kingdom,Europe,0.88733,0.99515,42.4,0.906,49.66662813,4
United Kingdom_2012,United Kingdom,Europe,0.87658,1,42.8,0.904,50.23019768,4
United Kingdom_2013,United Kingdom,Europe,0.8745,0.99075,43.3,0.921,50.52190692,4
United Kingdom_2014,United Kingdom,Europe,0.88593,1,44.2,0.925,50.37451789,4
United Kingdom_2015,United Kingdom,Europe,0.89772,1,45,0.923,49.39438329,4
United States_1990,United States,Americas,0.76797,0.77798,40.4,0.865,NA,2
United States_1991,United States,Americas,0.78261,0.79148,39.9,0.867,NA,2
United States_1992,United States,Americas,0.77228,0.7869,40.7,0.872,NA,2
United States_1993,United States,Americas,0.7911,0.79798,41.3,0.877,NA,2
United States_1994,United States,Americas,0.7708,0.79232,42.4,0.88,NA,2
United States_1995,United States,Americas,0.76904,0.78973,43,0.883,NA,2
United States_1996,United States,Americas,0.75883,0.78178,44.1,0.884,NA,2
United States_1997,United States,Americas,0.75312,0.77409,45.5,0.886,NA,2
United States_1998,United States,Americas,0.74296,0.75945,47,0.889,NA,2
United States_1999,United States,Americas,0.74472,0.75637,48.7,0.89,NA,2
United States_2000,United States,Americas,0.75753,0.76241,50.1,0.886,NA,2
United States_2001,United States,Americas,0.77519,0.781,50.1,0.889,NA,2
United States_2002,United States,Americas,0.77691,0.78526,50.5,0.891,NA,2
United States_2003,United States,Americas,0.77609,0.79219,51.5,0.894,NA,2
United States_2004,United States,Americas,0.75642,0.77288,53,0.897,NA,2
United States_2005,United States,Americas,0.75275,0.77039,54.4,0.9,NA,2
United States_2006,United States,Americas,0.74936,0.76179,55.4,0.903,34.28075351,2
United States_2007,United States,Americas,0.76966,0.78022,55.9,0.906,35.92346499,2
Venezuela_1990,Venezuela,Americas,0.89649,0.90279,15.4,0.644,NA,5
Venezuela_1991,Venezuela,Americas,0.83689,0.84283,16.6,0.654,NA,5
Venezuela_1992,Venezuela,Americas,0.81353,0.82022,17.3,0.66,NA,5
Venezuela_1993,Venezuela,Americas,0.83841,0.8442,17.1,0.662,NA,5
Venezuela_1994,Venezuela,Americas,0.84491,0.84909,16.4,0.662,NA,5
